# D50=356 m  |  slope=0.025/m  |  LINK_MAX_LOSS=0.5  |  reach=356 m  |  area=900x900 m  |  18M+7C  |  Q=10/link  |  N=1/link/step  |  load=1000/500/200/100 ms  |  placements=20  |  window=[50,950) of 1000  |  commit=bd7cb3e-dirty
routing,load_ms,runs,created_mean,created_std,delivered_mean,delivered_std,total_loss_mean,total_loss_std,loss_channel_mean,loss_channel_std,loss_queue_full_mean,loss_queue_full_std,loss_no_route_mean,loss_no_route_std,loss_ttl_mean,loss_ttl_std,loss_hop_limit_mean,loss_hop_limit_std,per_link_loss_pooled_mean,per_link_loss_pooled_std,per_link_queue_full_mean,per_link_queue_full_std,per_link_channel_mean,per_link_channel_std,per_link_expired_mean,per_link_expired_std,mean_queue_occupancy_mean,mean_queue_occupancy_std,max_queue_occupancy_mean,max_queue_occupancy_std,mean_delay_steps_mean,mean_delay_steps_std,mean_hops_mean,mean_hops_std,isolated_M_count_mean,isolated_M_count_std,drones_in_GS_range_mean,drones_in_GS_range_std,mean_neighbors_per_drone_mean,mean_neighbors_per_drone_std,placement_draws_mean,placement_draws_std
greedy,1000,20,1620.0,0.0,1451.55,170.49725264031306,0.10398148148148148,0.10524521767920558,0.07290123456790124,0.044663608428337574,0.031080246913580252,0.09087584921021251,0.0,0.0,0.0,0.0,0.0,0.0,0.02809239997044959,0.024778378044664325,0.007223714473968519,0.020943335843021726,0.02086868549648107,0.013862845731606543,0.0,0.0,0.047901150692004776,0.0318306768463901,4.65,3.6458339598996954,5.685456378532144,4.2844173782731,3.7334050283926494,0.5333748566250612,0.0,0.0,12.15,1.899445902583726,7.864,0.9202654079409003,1.0,0.0
greedy,500,20,3240.0,0.0,2412.75,320.761573200571,0.2553240740740741,0.0990004855557318,0.07930555555555555,0.04303366965834766,0.17601851851851852,0.10894061253572401,0.0,0.0,0.0,0.0,0.0,0.0,0.07007975349999354,0.02489409950040614,0.04752280849224601,0.026814224946853895,0.02255694500774753,0.013510552468784628,0.0,0.0,0.22411630398237428,0.05341303495203911,10.0,0.0,14.182579944781128,3.2473477205304713,3.838139514642266,0.41095991960324857,0.0,0.0,12.15,1.899445902583726,7.864,0.9202654079409003,1.0,0.0
greedy,200,20,8100.0,0.0,3912.6,491.14071303446224,0.516962962962963,0.06063465593018053,0.08883333333333333,0.033097751858605744,0.41312345679012347,0.05632527354045164,0.0,0.0,0.015006172839506175,0.013388838036373973,0.0,0.0,0.1586079168448457,0.023424800470266433,0.12660754181663234,0.01954824105455247,0.02763824438846189,0.011400305331072719,0.004362130639751487,0.003817428076270566,0.6811072680294804,0.09306201982913755,10.0,0.0,18.021904872551573,2.13790475426196,3.3789870684908223,0.2541020265735331,0.0,0.0,12.15,1.899445902583726,7.864,0.9202654079409003,1.0,0.0
greedy,100,20,16200.0,0.0,5643.15,808.4189426541818,0.6516574074074074,0.049902403867542085,0.10838271604938272,0.029264533730870814,0.5271327160493827,0.05311017071103711,0.0,0.0,0.016141975308641976,0.010876678178825799,0.0,0.0,0.22670373357966414,0.03314366169663219,0.1833771531938022,0.029255649981173255,0.037985296086088756,0.012057357590661764,0.005341284299773189,0.0033935210918365198,1.2584694859217804,0.1538686152960023,10.0,0.0,18.326451670972514,2.4497532526174237,3.021013404847154,0.2406422866724336,0.0,0.0,12.15,1.899445902583726,7.864,0.9202654079409003,1.0,0.0
random,1000,20,1620.0,0.0,368.25,45.34995502812138,0.7726851851851853,0.02799379940007493,0.581358024691358,0.04537975132095932,0.0,0.0,0.0,0.0,0.0,0.0,0.19132716049382717,0.04176622764484657,0.11141475828317098,0.014364617932676096,0.0,0.0,0.11141475828317098,0.014364617932676096,0.0,0.0,0.03828732422454367,0.006472897037132788,2.45,0.5104177855340404,3.2585714052297066,0.2247950080268137,4.177802468442782,0.22139414401346585,0.0,0.0,12.15,1.899445902583726,7.864,0.9202654079409003,1.0,0.0
random,500,20,3240.0,0.0,752.9,80.99376194302998,0.7676234567901234,0.024998074673774677,0.5751543209876544,0.045718563300025473,0.0,0.0,0.0,0.0,0.0,0.0,0.19246913580246913,0.039965250149182854,0.10949025002959352,0.013710328493631324,0.0,0.0,0.10949025002959352,0.013710328493631324,0.0,0.0,0.07964931412947959,0.014435623567142905,3.3,0.47016234598162726,3.484946438692739,0.17876770404239037,4.2930915196478825,0.16932543409964168,0.0,0.0,12.15,1.899445902583726,7.864,0.9202654079409003,1.0,0.0
random,200,20,8100.0,0.0,1867.45,220.4797341206097,0.7694506172839506,0.02721972026180366,0.5784938271604938,0.04663639601175383,0.0008148148148148148,0.0029546667479859773,0.0,0.0,8.024691358024691e-05,0.0002840071136269856,0.19006172839506172,0.03724564384224939,0.11054989558566006,0.013894590044572476,0.00013955577120313727,0.0004846985124128254,0.1103969750909231,0.014112193945445798,1.336472353383246e-05,4.5978045714724486e-05,0.23069545837833,0.06992394623626144,5.5,1.7621756887140216,3.8955922130432135,0.3007857949509182,4.2662563035703185,0.16364242941057128,0.0,0.0,12.15,1.899445902583726,7.864,0.9202654079409003,1.0,0.0
random,100,20,16200.0,0.0,3709.25,443.2611057770993,0.771033950617284,0.027361796652907375,0.5684413580246914,0.05270391563279168,0.015592592592592592,0.03063551014863436,0.0,0.0,0.004481481481481481,0.01697439775452028,0.18251851851851852,0.02906146975461299,0.11358308816370626,0.01228871433126675,0.003034425212125461,0.005949915724964021,0.10969154505596548,0.013447871337043392,0.0008571178956153236,0.003205703744759665,0.6484226498311128,0.23018135618498273,9.85,0.4893604849295929,5.358476169735361,0.7120810751864411,4.272144110727392,0.12742778496708979,0.0,0.0,12.15,1.899445902583726,7.864,0.9202654079409003,1.0,0.0
