# OLD channel model — regenerated from commit 84a2072 (CHECKPOINT 6), NOT the current config.
# FSPL: Pt=30 dBm, Gt=Gr=2 dBi, f=2.4 GHz, sensitivity=-54 dBm  |  loss=exp(-0.8*margin_dB)  |  reach=249.69 m  |  area=900x900 m  |  18M+7C  |  Q=10/link  |  N=1/link/step  |  load=1000/500/200/100 ms  |  placements=20  |  window=[50,950) of 1000
routing,load_ms,runs,created_mean,created_std,delivered_mean,delivered_std,total_loss_mean,total_loss_std,loss_channel_mean,loss_channel_std,loss_queue_full_mean,loss_queue_full_std,loss_no_route_mean,loss_no_route_std,loss_ttl_mean,loss_ttl_std,loss_hop_limit_mean,loss_hop_limit_std,per_link_loss_pooled_mean,per_link_loss_pooled_std,per_link_queue_full_mean,per_link_queue_full_std,per_link_channel_mean,per_link_channel_std,per_link_expired_mean,per_link_expired_std,mean_queue_occupancy_mean,mean_queue_occupancy_std,max_queue_occupancy_mean,max_queue_occupancy_std,mean_delay_steps_mean,mean_delay_steps_std,mean_hops_mean,mean_hops_std,isolated_M_count_mean,isolated_M_count_std,drones_in_GS_range_mean,drones_in_GS_range_std,placement_draws_mean,placement_draws_std
greedy,1000,20,1620.0,0.0,975.25,269.92940110137573,0.3979938271604938,0.16662308709961463,0.23521604938271606,0.13437752552876472,0.02466049382716049,0.07075674369111228,0.1381172839506173,0.16744192840723157,0.0,0.0,0.0,0.0,0.09019943776218292,0.05042385886471808,0.006457939924985198,0.017846318223212414,0.08374149783719773,0.05358127535988458,0.0,0.0,0.05586982552045065,0.03236703476382333,4.55,3.5314377570019477,4.668780885860037,3.4583976439044135,3.5364516697187325,0.6970995260801124,0.0,0.0,5.8,2.261811104775156,2.2,1.3218806379747876
greedy,500,20,3240.0,0.0,1620.65,387.93383524296485,0.4997993827160494,0.11973266519844594,0.24473765432098765,0.12686734327861005,0.11799382716049382,0.12155178630800426,0.13706790123456788,0.16416754026580116,0.0,0.0,0.0,0.0,0.12229729196433643,0.046662109130667304,0.035774234472901574,0.032962889702759866,0.08652305749143484,0.04999978110974082,0.0,0.0,0.24461964018208224,0.08903882088531052,10.0,0.0,11.528097250709646,6.106040579937348,3.6073567737547747,0.6576314457636292,0.0,0.0,5.8,2.261811104775156,2.2,1.3218806379747876
greedy,200,20,8100.0,0.0,2460.3,682.3981011264998,0.6962592592592592,0.08424667915141973,0.23892592592592593,0.08123633648789425,0.32698765432098764,0.09994513451691539,0.12262962962962962,0.14977675919741693,0.007716049382716049,0.015588138982247517,0.0,0.0,0.21965574452294456,0.04958558367168547,0.12407850222399404,0.0341261891020578,0.09297029109555628,0.03527015767323378,0.002606951203394245,0.005034509465608647,0.8896869478726817,0.15549261545791163,10.0,0.0,18.596329545962195,2.800033013368115,3.332414099045954,0.3366788006462556,0.0,0.0,5.8,2.261811104775156,2.2,1.3218806379747876
greedy,100,20,16200.0,0.0,3168.75,1036.5793886371503,0.8043981481481481,0.06398638201463891,0.22671296296296295,0.06490513486295321,0.47159259259259256,0.07967120069762852,0.09804012345679011,0.11698331030047321,0.00805246913580247,0.008101508548065474,0.0,0.0,0.3149107390297022,0.04836130893684293,0.21044277999674268,0.03784011502397631,0.10111313124300055,0.029189436224814038,0.003354827789958962,0.0031764408058603862,1.6122798469933837,0.1628875696750476,10.0,0.0,19.99125932903626,2.726160428172403,3.0856672625832764,0.2892981149556892,0.0,0.0,5.8,2.261811104775156,2.2,1.3218806379747876
random,1000,20,1620.0,0.0,188.9,78.14419869365662,0.883395061728395,0.04823715968744235,0.7749074074074074,0.05556431776977337,0.0,0.0,0.0,0.0,0.0,0.0,0.10848765432098766,0.042039221971748295,0.18465748477618643,0.030270987363232964,0.0,0.0,0.18465748477618643,0.030270987363232964,0.0,0.0,0.051882631361822695,0.010701332570757657,2.75,0.7163503994113789,2.6080286586495904,0.3847204380610735,3.5342728720469836,0.37206934488967575,0.0,0.0,5.8,2.261811104775156,2.2,1.3218806379747876
random,500,20,3240.0,0.0,378.9,143.4209483341002,0.8830555555555556,0.04426572479447537,0.7733641975308642,0.052679707797233515,0.0,0.0,0.0,0.0,0.0,0.0,0.10969135802469136,0.04188771294296186,0.18488757031732536,0.03026466797248362,0.0,0.0,0.18488757031732536,0.03026466797248362,0.0,0.0,0.1085563951018699,0.023568699665129204,3.7,0.8013147091860318,2.7759464268539538,0.3841991833912083,3.5805307901141434,0.3482982937092277,0.0,0.0,5.8,2.261811104775156,2.2,1.3218806379747876
random,200,20,8100.0,0.0,937.3,376.80500331911173,0.884283950617284,0.046519136212236016,0.7739135802469136,0.057182348952930236,0.0035123456790123455,0.008242359537581284,0.0,0.0,0.0010185185185185186,0.003036470414186173,0.1058395061728395,0.03890756485039715,0.18658647041515775,0.027577832741136378,0.0007754406650406766,0.0018333799688752637,0.1855875443107316,0.028745925147259214,0.00022348543938550172,0.0006700526224265475,0.3723066046705099,0.11439672404019981,8.45,2.0124611797498106,3.403614106500334,0.7792309028288169,3.507081525775301,0.3616510885356694,0.0,0.0,5.8,2.261811104775156,2.2,1.3218806379747876
random,100,20,16200.0,0.0,1789.15,717.1406875847122,0.8895586419753088,0.04426794367806864,0.7220462962962964,0.07032987981335645,0.07103395061728394,0.040891204594543186,0.0,0.0,0.015398148148148147,0.013593066118652868,0.08108024691358025,0.03180191180463219,0.2062647833864867,0.025236097699212992,0.017955201286987472,0.010176898488908423,0.1845822822262932,0.029275510625359377,0.003727299873206069,0.003300192882173458,1.4501712072708037,0.47399536993641056,10.0,0.0,5.8552294337646735,1.283526564318171,3.4392589156342064,0.3529626374656081,0.0,0.0,5.8,2.261811104775156,2.2,1.3218806379747876
