# D50=356 m  |  slope=0.025/m  |  LINK_MAX_LOSS=0.5  |  reach=356 m  |  loop_guard=previous+path  |  area=900x900 m  |  18M+7C  |  Q=10/link  |  N=1/link/step  |  load=200/500 ms  |  placements=20  |  window=[50,950) of 1000  |  commit=0187e94-dirty  |  phase 1b loop-guard comparison
loop_guard,rule,load_ms,placement_seed,init_seed,total_loss,channel,queue_full,no_route,dead_end,ttl_hop,mean_hops,views_agree
previous,greedy,200,1,-1,0.4804938271604938,0.06950617283950618,0.41098765432098766,0.0,0.0,0.0,2.877851711026616,True
previous,random,200,1,-1,0.8069135802469136,0.6412345679012346,0.0,0.0,0.0,0.165679012345679,4.072890025575448,True
previous,rate,200,1,-1,0.338641975308642,0.3128395061728395,0.005555555555555556,0.0,0.0,0.02024691358024691,2.8999439985066267,True
previous,rl,200,1,0,0.31,0.22296296296296297,0.039135802469135804,0.0,0.0,0.047901234567901234,3.436750760422258,True
previous,rl,200,1,1,0.33012345679012345,0.1871604938271605,0.0,0.0,0.0,0.14296296296296296,3.7934021378547733,True
previous,rl,200,1,2,0.32506172839506176,0.24728395061728395,0.0,0.0,0.0,0.07777777777777778,4.136455094201573,True
previous,greedy,200,2,-1,0.5213580246913581,0.07814814814814815,0.4388888888888889,0.0,0.0,0.004320987654320987,3.1782305906628836,True
previous,random,200,2,-1,0.7622222222222222,0.5754320987654321,0.0,0.0,0.0,0.18679012345679014,4.2632398753894085,True
previous,rate,200,2,-1,0.1891358024691358,0.16987654320987655,0.005925925925925926,0.0,0.0,0.013333333333333334,2.959500609013398,True
previous,rl,200,2,0,0.144320987654321,0.12703703703703703,0.0032098765432098763,0.0,0.0,0.014074074074074074,2.8697157697301976,True
previous,rl,200,2,1,0.18382716049382716,0.1334567901234568,0.0,0.0,0.0,0.05037037037037037,3.351686582967781,True
previous,rl,200,2,2,0.1630864197530864,0.12962962962962962,0.0,0.0,0.0,0.03345679012345679,3.473078625165954,True
previous,greedy,200,3,-1,0.48604938271604936,0.12135802469135802,0.348641975308642,0.0,0.0,0.016049382716049384,3.339418688445832,True
previous,random,200,3,-1,0.8286419753086419,0.575925925925926,0.0,0.0,0.0,0.252716049382716,4.467579250720461,True
previous,rate,200,3,-1,0.35530864197530865,0.2930864197530864,0.01,0.0,0.0,0.05222222222222222,3.53887399463807,True
previous,rl,200,3,0,0.38580246913580246,0.22506172839506172,0.05037037037037037,0.0,0.0,0.11037037037037037,4.087035175879397,True
previous,rl,200,3,1,0.4776543209876543,0.17580246913580247,0.0,0.0,0.0,0.3018518518518518,4.527771212479319,True
previous,rl,200,3,2,0.3823456790123457,0.2397530864197531,0.0,0.0,0.0,0.14259259259259258,4.645212872276634,True
previous,greedy,200,4,-1,0.5535802469135802,0.08123456790123457,0.4634567901234568,0.0,0.0,0.008888888888888889,3.5901548672566372,True
previous,random,200,4,-1,0.7975308641975308,0.6148148148148148,0.0,0.0,0.0,0.18271604938271604,4.184756097560975,True
previous,rate,200,4,-1,0.22987654320987655,0.2025925925925926,0.006790123456790123,0.0,0.0,0.020493827160493826,3.1130169926258415,True
previous,rl,200,4,0,0.20765432098765432,0.1808641975308642,0.008641975308641974,0.0,0.0,0.01814814814814815,2.9130570271112495,True
previous,rl,200,4,1,0.17925925925925926,0.15753086419753087,0.0,0.0,0.0,0.021728395061728394,3.033393501805054,True
previous,rl,200,4,2,0.19271604938271605,0.16839506172839505,0.0,0.0,0.0,0.02432098765432099,3.4549625324973237,True
previous,greedy,200,5,-1,0.5737037037037037,0.11123456790123457,0.45493827160493827,0.0,0.0,0.007530864197530864,3.5508253692441354,True
previous,random,200,5,-1,0.7992592592592592,0.6601234567901234,0.0,0.0,0.0,0.1391358024691358,4.257687576875769,True
previous,rate,200,5,-1,0.29530864197530865,0.2814814814814815,0.005185185185185185,0.0,0.0,0.008641975308641976,2.9775753328661527,True
previous,rl,200,5,0,0.2239506172839506,0.19135802469135801,0.008148148148148147,0.0,0.0,0.024444444444444442,3.411708558701877,True
previous,rl,200,5,1,0.2565432098765432,0.1671604938271605,0.0,0.0,0.0,0.08938271604938272,3.7270009963467285,True
previous,rl,200,5,2,0.23962962962962964,0.19407407407407407,0.00037037037037037035,0.0,0.0,0.04518518518518519,3.7754505601558694,True
previous,greedy,200,6,-1,0.421358024691358,0.10493827160493827,0.28876543209876543,0.0,0.0,0.027654320987654323,3.4175378707062087,True
previous,random,200,6,-1,0.7892592592592592,0.6244444444444445,0.0033333333333333335,0.0,0.0,0.1614814814814815,4.285881663737551,True
previous,rate,200,6,-1,0.25407407407407406,0.2437037037037037,0.0032098765432098763,0.0,0.0,0.007160493827160493,2.6736180072823568,True
previous,rl,200,6,0,0.2230864197530864,0.21098765432098765,0.0022222222222222222,0.0,0.0,0.009876543209876545,2.769426346734467,True
previous,rl,200,6,1,0.20617283950617285,0.20160493827160494,0.0,0.0,0.0,0.004567901234567901,2.5636080870917572,True
previous,rl,200,6,2,0.20962962962962964,0.20234567901234568,0.0001234567901234568,0.0,0.0,0.007160493827160493,2.9975007810059355,True
previous,greedy,200,7,-1,0.5820987654320988,0.12296296296296297,0.45493827160493827,0.0,0.0,0.004197530864197531,3.69807976366322,True
previous,random,200,7,-1,0.7632098765432099,0.5320987654320988,0.0,0.0,0.0,0.2311111111111111,4.361835245046924,True
previous,rate,200,7,-1,0.2930864197530864,0.27271604938271604,0.005308641975308642,0.0,0.0,0.015061728395061728,3.016765630457562,True
previous,rl,200,7,0,0.32,0.21432098765432098,0.02259259259259259,0.0,0.0,0.08308641975308642,3.785584604212055,True
previous,rl,200,7,1,0.36950617283950615,0.17444444444444446,0.0,0.0,0.0,0.19506172839506172,4.000979048364989,True
previous,rl,200,7,2,0.3691358024691358,0.22814814814814816,0.0,0.0,0.0,0.14098765432098764,4.561448140900196,True
previous,greedy,200,8,-1,0.4308641975308642,0.049012345679012345,0.36320987654320985,0.0,0.0,0.018641975308641975,3.1225596529284165,True
previous,random,200,8,-1,0.7340740740740741,0.5460493827160494,0.0,0.0,0.0,0.1880246913580247,4.350510677808728,True
previous,rate,200,8,-1,0.12814814814814815,0.12419753086419753,0.0012345679012345679,0.0,0.0,0.0027160493827160493,2.445624468988955,True
previous,rl,200,8,0,0.09123456790123456,0.09024691358024692,0.0,0.0,0.0,0.0009876543209876543,1.9600597744871622,True
previous,rl,200,8,1,0.08148148148148149,0.08012345679012346,0.0,0.0,0.0,0.0013580246913580246,1.8986559139784946,True
previous,rl,200,8,2,0.09753086419753086,0.09592592592592593,0.0,0.0,0.0,0.0016049382716049384,2.229001367989056,True
previous,greedy,200,9,-1,0.4191358024691358,0.049135802469135806,0.34358024691358025,0.0,0.0,0.026419753086419754,3.3808714133900106,True
previous,random,200,9,-1,0.7450617283950617,0.5419753086419753,0.0,0.0,0.0,0.20308641975308642,4.36997578692494,True
previous,rate,200,9,-1,0.1980246913580247,0.1782716049382716,0.005802469135802469,0.0016049382716049382,0.0,0.01234567901234568,2.9670566502463056,True
previous,rl,200,9,0,0.20382716049382715,0.1648148148148148,0.01,0.0016049382716049382,0.0,0.027407407407407405,3.05272135214762,True
previous,rl,200,9,1,0.20987654320987653,0.15790123456790123,0.00037037037037037035,0.0030864197530864196,0.0,0.048518518518518516,3.0934375,True
previous,rl,200,9,2,0.20962962962962964,0.17493827160493827,0.0,0.0012345679012345679,0.0,0.033456790123456794,3.3795688847235237,True
previous,greedy,200,10,-1,0.5177777777777778,0.0591358024691358,0.42617283950617285,0.0,0.0,0.032469135802469136,3.7455197132616487,True
previous,random,200,10,-1,0.7649382716049383,0.5819753086419753,0.0,0.0,0.0,0.18296296296296297,4.229516806722689,True
previous,rate,200,10,-1,0.24209876543209877,0.22925925925925925,0.002345679012345679,0.0,0.0,0.010493827160493827,2.8211435087147745,True
previous,rl,200,10,0,0.18530864197530864,0.1719753086419753,0.0049382716049382715,0.0,0.0,0.008395061728395062,2.942567055614487,True
previous,rl,200,10,1,0.17135802469135802,0.13296296296296295,0.0,0.0,0.0,0.03839506172839506,3.199046483909416,True
previous,rl,200,10,2,0.22604938271604938,0.19049382716049382,0.0,0.0,0.0,0.035555555555555556,3.695007178178338,True
previous,greedy,200,11,-1,0.5092592592592593,0.08123456790123457,0.41271604938271605,0.0,0.0,0.015308641975308642,3.4837735849056606,True
previous,random,200,11,-1,0.7328395061728395,0.54,0.0,0.0,0.0,0.19283950617283951,4.063308687615526,True
previous,rate,200,11,-1,0.20074074074074075,0.18790123456790123,0.003580246913580247,0.0,0.0,0.009259259259259259,2.644114921223355,True
previous,rl,200,11,0,0.22074074074074074,0.16925925925925925,0.0020987654320987655,0.0,0.0,0.04938271604938271,2.7324144486692017,True
previous,rl,200,11,1,0.19506172839506172,0.1274074074074074,0.0,0.0,0.0,0.06765432098765432,3.0208588957055214,True
previous,rl,200,11,2,0.2391358024691358,0.174320987654321,0.0,0.0,0.0,0.06481481481481483,3.566931689112445,True
previous,greedy,200,12,-1,0.5882716049382716,0.14629629629629629,0.4351851851851852,0.0,0.0,0.006790123456790123,3.2773613193403297,True
previous,random,200,12,-1,0.7774074074074074,0.47012345679012346,0.012962962962962963,0.0,0.0,0.29432098765432096,4.223516361619523,True
previous,rate,200,12,-1,0.38098765432098763,0.21432098765432098,0.061975308641975306,0.0019753086419753087,0.0,0.10271604938271604,3.295372955723973,True
previous,rl,200,12,0,0.38938271604938274,0.16814814814814816,0.009753086419753086,0.0001234567901234568,0.0,0.21135802469135803,3.449858471492115,True
previous,rl,200,12,1,0.4238271604938272,0.14679012345679013,0.0,0.0001234567901234568,0.0,0.2769135802469136,3.796228840797086,True
previous,rl,200,12,2,0.4354320987654321,0.1702469135802469,0.0,0.0001234567901234568,0.0,0.2650617283950617,4.256942925869232,True
previous,greedy,200,13,-1,0.505432098765432,0.028765432098765434,0.46382716049382716,0.0,0.0,0.012839506172839505,3.1917124313529706,True
previous,random,200,13,-1,0.7822222222222223,0.6050617283950618,0.0,0.0,0.0,0.17716049382716048,4.505668934240362,True
previous,rate,200,13,-1,0.1654320987654321,0.15790123456790123,0.0034567901234567903,0.0,0.0,0.004074074074074074,2.8153846153846156,True
previous,rl,200,13,0,0.10024691358024691,0.09222222222222222,0.0009876543209876543,0.0,0.0,0.007037037037037037,2.821761800219539,True
previous,rl,200,13,1,0.12185185185185185,0.10432098765432099,0.0,0.0,0.0,0.017530864197530863,3.2222690847743567,True
previous,rl,200,13,2,0.10061728395061728,0.09061728395061729,0.0,0.0,0.0,0.01,3.1652711050102953,True
previous,greedy,200,14,-1,0.6019753086419753,0.1523456790123457,0.44641975308641973,0.0,0.0,0.0032098765432098763,3.280707196029777,True
previous,random,200,14,-1,0.7834567901234568,0.5733333333333334,0.0,0.0,0.0,0.21012345679012345,4.139110604332953,True
previous,rate,200,14,-1,0.3328395061728395,0.2650617283950617,0.01308641975308642,0.0016049382716049382,0.0,0.053086419753086415,3.3434492968171723,True
previous,rl,200,14,0,0.37580246913580245,0.20765432098765432,0.06283950617283951,0.0025925925925925925,0.0,0.10271604938271604,3.8482990506329116,True
previous,rl,200,14,1,0.3925925925925926,0.1662962962962963,0.0,0.01037037037037037,0.0,0.2159259259259259,4.0233739837398375,True
previous,rl,200,14,2,0.3774074074074074,0.23,0.0,0.001851851851851852,0.0,0.14555555555555555,4.576640888360103,True
previous,greedy,200,15,-1,0.5307407407407407,0.12530864197530864,0.4054320987654321,0.0,0.0,0.0,2.9400157853196527,True
previous,random,200,15,-1,0.7790123456790123,0.6204938271604938,0.0,0.0,0.0,0.15851851851851853,4.0150837988826815,True
previous,rate,200,15,-1,0.3232098765432099,0.29358024691358026,0.0044444444444444444,0.0,0.0,0.025185185185185185,2.988143013498723,True
previous,rl,200,15,0,0.3391358024691358,0.21888888888888888,0.04765432098765432,0.0,0.0,0.0725925925925926,3.512609751541192,True
previous,rl,200,15,1,0.4980246913580247,0.13148148148148148,0.0,0.0,0.0,0.3665432098765432,3.8057058534185932,True
previous,rl,200,15,2,0.3719753086419753,0.24049382716049383,0.0,0.0,0.0,0.13148148148148148,3.9135050127776685,True
previous,greedy,200,16,-1,0.40296296296296297,0.07308641975308643,0.30419753086419754,0.0,0.0,0.02567901234567901,3.176178660049628,True
previous,random,200,16,-1,0.7395061728395061,0.5776543209876543,0.0,0.0,0.0,0.16185185185185186,4.292890995260663,True
previous,rate,200,16,-1,0.1437037037037037,0.13666666666666666,0.0025925925925925925,0.0,0.0,0.0044444444444444444,2.3020472895040367,True
previous,rl,200,16,0,0.09691358024691359,0.09555555555555556,0.00037037037037037035,0.0,0.0,0.0009876543209876543,2.1723855092276145,True
previous,rl,200,16,1,0.10876543209876544,0.10666666666666667,0.0,0.0,0.0,0.0020987654320987655,2.4384263748441612,True
previous,rl,200,16,2,0.0854320987654321,0.08271604938271605,0.0,0.0,0.0,0.0027160493827160497,2.2293466522678185,True
previous,greedy,200,17,-1,0.5218518518518519,0.06876543209876543,0.41358024691358025,0.0,0.0,0.03950617283950617,3.381099922540666,True
previous,random,200,17,-1,0.7628395061728395,0.6075308641975309,0.0,0.0,0.0,0.15530864197530864,4.141072358146799,True
previous,rate,200,17,-1,0.175679012345679,0.1685185185185185,0.002839506172839506,0.0007407407407407407,0.0,0.0035802469135802466,2.659278118915681,True
previous,rl,200,17,0,0.1259259259259259,0.09839506172839506,0.004197530864197531,0.0,0.0,0.023333333333333334,3.434180790960452,True
previous,rl,200,17,1,0.11049382716049383,0.09506172839506173,0.0,0.0,0.0,0.015432098765432098,3.270645385149202,True
previous,rl,200,17,2,0.12160493827160494,0.1028395061728395,0.0,0.0,0.0,0.018765432098765432,3.4684469430780043,True
previous,greedy,200,18,-1,0.5567901234567901,0.09506172839506173,0.4182716049382716,0.0,0.0,0.04345679012345679,3.615598885793872,True
previous,random,200,18,-1,0.7238271604938271,0.5106172839506172,0.0,0.0,0.0,0.2132098765432099,4.620920876173447,True
previous,rate,200,18,-1,0.18950617283950616,0.1819753086419753,0.0027160493827160493,0.0,0.0,0.004814814814814815,2.5355674028941357,True
previous,rl,200,18,0,0.16864197530864197,0.1517283950617284,0.006666666666666667,0.0,0.0,0.010246913580246913,3.0977130977130978,True
previous,rl,200,18,1,0.1523456790123457,0.14382716049382716,0.0,0.0,0.0,0.008518518518518519,2.935479172735217,True
previous,rl,200,18,2,0.14185185185185184,0.1345679012345679,0.0,0.0,0.0,0.0072839506172839505,2.913537620486261,True
previous,greedy,200,19,-1,0.5588888888888889,0.07469135802469136,0.47703703703703704,0.0,0.0,0.007160493827160494,3.532885530366639,True
previous,random,200,19,-1,0.7617283950617284,0.6124691358024691,0.0,0.0,0.0,0.14925925925925926,4.049740932642487,True
previous,rate,200,19,-1,0.22049382716049382,0.20876543209876544,0.004814814814814815,0.0,0.0,0.00691358024691358,2.8585682610072856,True
previous,rl,200,19,0,0.19790123456790124,0.17753086419753086,0.005308641975308642,0.0,0.0,0.015061728395061728,3.032322610435586,True
previous,rl,200,19,1,0.26654320987654323,0.15395061728395062,0.0,0.0,0.0,0.11259259259259259,3.0412388486786734,True
previous,rl,200,19,2,0.24580246913580248,0.18333333333333332,0.0,0.0,0.0,0.062469135802469135,3.6202324439351776,True
previous,greedy,200,20,-1,0.5766666666666667,0.08444444444444445,0.4922222222222222,0.0,0.0,0.0,3.799358413531642,True
previous,random,200,20,-1,0.7550617283950617,0.5585185185185185,0.0,0.0,0.0,0.19654320987654322,4.429939516129032,True
previous,rate,200,20,-1,0.14407407407407408,0.1391358024691358,0.0014814814814814814,0.00037037037037037035,0.0,0.0030864197530864196,2.2033751622674167,True
previous,rl,200,20,0,0.10604938271604938,0.10296296296296296,0.0007407407407407407,0.0001234567901234568,0.0,0.0022222222222222222,2.4126501864383374,True
previous,rl,200,20,1,0.09592592592592593,0.09308641975308642,0.0,0.0001234567901234568,0.0,0.0027160493827160493,2.7626655742182167,True
previous,rl,200,20,2,0.10419753086419753,0.10148148148148148,0.0001234567901234568,0.0001234567901234568,0.0,0.0024691358024691358,2.3711411245865492,True
previous,greedy,500,1,-1,0.24074074074074073,0.06234567901234568,0.17839506172839506,0.0,0.0,0.0,2.955691056910569,True
previous,random,500,1,-1,0.8009259259259259,0.6367283950617284,0.0,0.0,0.0,0.16419753086419753,4.137984496124031,True
previous,rate,500,1,-1,0.28641975308641976,0.27283950617283953,0.0006172839506172839,0.0,0.0,0.012962962962962963,2.722318339100346,True
previous,rl,500,1,0,0.19444444444444445,0.17993827160493828,0.0,0.0,0.0,0.014506172839506172,3.5264367816091955,True
previous,rl,500,1,1,0.18888888888888888,0.17314814814814813,0.0,0.0,0.0,0.01574074074074074,2.9745053272450535,True
previous,rl,500,1,2,0.170679012345679,0.14876543209876544,0.0,0.0,0.0,0.021913580246913582,3.0558243394119837,True
previous,greedy,500,2,-1,0.23148148148148148,0.03487654320987654,0.19660493827160494,0.0,0.0,0.0,3.744979919678715,True
previous,random,500,2,-1,0.7608024691358025,0.5595679012345679,0.0,0.0,0.0,0.20123456790123456,4.272258064516129,True
previous,rate,500,2,-1,0.20401234567901236,0.18302469135802468,0.000925925925925926,0.0,0.0,0.020061728395061727,2.8359829391236913,True
previous,rl,500,2,0,0.10493827160493827,0.08981481481481482,0.0,0.0,0.0,0.015123456790123457,2.9731034482758623,True
previous,rl,500,2,1,0.11820987654320987,0.09259259259259259,0.0,0.0,0.0,0.025617283950617284,2.871893594679734,True
previous,rl,500,2,2,0.10679012345679012,0.07777777777777778,0.0,0.0,0.0,0.029012345679012345,2.806496199032481,True
previous,greedy,500,3,-1,0.1904320987654321,0.11851851851851852,0.07191358024691358,0.0,0.0,0.0,3.6877621044605413,True
previous,random,500,3,-1,0.820679012345679,0.5700617283950618,0.0,0.0,0.0,0.2506172839506173,4.617900172117039,True
previous,rate,500,3,-1,0.291358024691358,0.27037037037037037,0.0,0.0,0.0,0.020987654320987655,2.5187282229965158,True
previous,rl,500,3,0,0.22623456790123456,0.20895061728395062,0.0,0.0,0.0,0.017283950617283952,2.7267650578380533,True
previous,rl,500,3,1,0.17716049382716048,0.1574074074074074,0.0,0.0,0.0,0.019753086419753086,3.008252063015754,True
previous,rl,500,3,2,0.22037037037037038,0.20277777777777778,0.0,0.0,0.0,0.017592592592592594,3.3032462391132227,True
previous,greedy,500,4,-1,0.18580246913580248,0.044753086419753084,0.1410493827160494,0.0,0.0,0.0,4.073919636087945,True
previous,random,500,4,-1,0.7932098765432098,0.6074074074074074,0.0,0.0,0.0,0.18580246913580248,4.205970149253731,True
previous,rate,500,4,-1,0.21820987654320986,0.1941358024691358,0.000925925925925926,0.0,0.0,0.023148148148148147,3.010264508487959,True
previous,rl,500,4,0,0.11975308641975309,0.10246913580246914,0.0,0.0,0.0,0.01728395061728395,2.912692847124825,True
previous,rl,500,4,1,0.10740740740740741,0.08950617283950617,0.0,0.0,0.0,0.017901234567901235,2.816390041493776,True
previous,rl,500,4,2,0.12469135802469136,0.09290123456790124,0.0,0.0,0.0,0.03179012345679012,2.954160789844852,True
previous,greedy,500,5,-1,0.4145061728395062,0.08888888888888889,0.3256172839506173,0.0,0.0,0.0,4.247232472324724,True
previous,random,500,5,-1,0.792283950617284,0.6475308641975308,0.0,0.0,0.0,0.1447530864197531,4.25408618127786,True
previous,rate,500,5,-1,0.2833333333333333,0.2679012345679012,0.0,0.0,0.0,0.015432098765432098,2.8535745047372956,True
previous,rl,500,5,0,0.20586419753086418,0.19320987654320987,0.0,0.0,0.0,0.01265432098765432,2.987563155849203,True
previous,rl,500,5,1,0.16882716049382715,0.15555555555555556,0.0,0.0,0.0,0.013271604938271604,2.889342740438173,True
previous,rl,500,5,2,0.24506172839506174,0.22469135802469137,0.0,0.0,0.0,0.020370370370370372,2.7301717089125104,True
previous,greedy,500,6,-1,0.12839506172839507,0.10277777777777777,0.025617283950617284,0.0,0.0,0.0,3.9128895184135977,True
previous,random,500,6,-1,0.7824074074074074,0.6166666666666667,0.0,0.0,0.0,0.16574074074074074,4.472340425531915,True
previous,rate,500,6,-1,0.2654320987654321,0.2540123456790123,0.00030864197530864197,0.0,0.0,0.01111111111111111,2.1546218487394957,True
previous,rl,500,6,0,0.2037037037037037,0.18641975308641975,0.0,0.0,0.0,0.01728395061728395,2.55,True
previous,rl,500,6,1,0.24938271604938272,0.21481481481481482,0.0,0.0,0.0,0.0345679012345679,2.8861019736842106,True
previous,rl,500,6,2,0.2074074074074074,0.18487654320987654,0.0,0.0,0.0,0.022530864197530864,2.865264797507788,True
previous,greedy,500,7,-1,0.18179012345679013,0.07561728395061729,0.10617283950617284,0.0,0.0,0.0,3.856280648811769,True
previous,random,500,7,-1,0.770679012345679,0.5416666666666666,0.0,0.0,0.0,0.22901234567901235,4.441453566621804,True
previous,rate,500,7,-1,0.24876543209876542,0.21975308641975308,0.0012345679012345679,0.0,0.0,0.027777777777777776,2.345110928512736,True
previous,rl,500,7,0,0.21265432098765433,0.18117283950617283,0.0,0.0,0.0,0.03148148148148148,3.271658173265386,True
previous,rl,500,7,1,0.20679012345679013,0.16327160493827161,0.0,0.0,0.0,0.04351851851851852,3.5552529182879375,True
previous,rl,500,7,2,0.21666666666666667,0.16944444444444445,0.0,0.0,0.0,0.04722222222222222,2.969661150512214,True
previous,greedy,500,8,-1,0.34382716049382717,0.049074074074074076,0.29475308641975306,0.0,0.0,0.0,4.043744120413923,True
previous,random,500,8,-1,0.7438271604938271,0.5648148148148148,0.0,0.0,0.0,0.17901234567901234,4.346987951807229,True
previous,rate,500,8,-1,0.17808641975308642,0.1638888888888889,0.0,0.0,0.0,0.014197530864197531,2.7904618850920015,True
previous,rl,500,8,0,0.0882716049382716,0.0824074074074074,0.0,0.0,0.0,0.005864197530864198,2.638456330399458,True
previous,rl,500,8,1,0.0787037037037037,0.07376543209876543,0.0,0.0,0.0,0.0049382716049382715,2.979899497487437,True
previous,rl,500,8,2,0.0867283950617284,0.07654320987654321,0.0,0.0,0.0,0.010185185185185186,2.673876309564042,True
previous,greedy,500,9,-1,0.44290123456790126,0.030864197530864196,0.41203703703703703,0.0,0.0,0.0,4.755124653739612,True
previous,random,500,9,-1,0.7484567901234568,0.5503086419753086,0.0,0.0,0.0,0.19814814814814816,4.315337423312884,True
previous,rate,500,9,-1,0.20679012345679013,0.175,0.0,0.0033950617283950617,0.0,0.028395061728395062,2.5673151750972765,True
previous,rl,500,9,0,0.11820987654320987,0.09722222222222222,0.0,0.0,0.0,0.020987654320987655,2.64053202660133,True
previous,rl,500,9,1,0.07376543209876543,0.05648148148148148,0.0,0.0,0.0,0.01728395061728395,2.91136287904032,True
previous,rl,500,9,2,0.11327160493827161,0.08333333333333333,0.0,0.0,0.0,0.029938271604938272,3.371388792203272,True
previous,greedy,500,10,-1,0.1925925925925926,0.040123456790123455,0.15246913580246912,0.0,0.0,0.0,4.176223241590214,True
previous,random,500,10,-1,0.7722222222222223,0.5867283950617284,0.0,0.0,0.0,0.18549382716049384,4.299457994579946,True
previous,rate,500,10,-1,0.19814814814814816,0.19135802469135801,0.0,0.0,0.0,0.006790123456790123,2.462663587374904,True
previous,rl,500,10,0,0.12314814814814815,0.10740740740740741,0.0,0.0,0.0,0.01574074074074074,2.547342485040479,True
previous,rl,500,10,1,0.10925925925925926,0.09537037037037037,0.0,0.0,0.0,0.013888888888888888,2.6424116424116426,True
previous,rl,500,10,2,0.14660493827160495,0.1259259259259259,0.0,0.0,0.0,0.020679012345679013,2.6752260397830017,True
previous,greedy,500,11,-1,0.3570987654320988,0.06790123456790123,0.2891975308641975,0.0,0.0,0.0,4.104656745079213,True
previous,random,500,11,-1,0.7361111111111112,0.5441358024691358,0.0,0.0,0.0,0.19197530864197532,4.095906432748538,True
previous,rate,500,11,-1,0.1617283950617284,0.15648148148148147,0.0,0.0,0.0,0.005246913580246914,2.327319587628866,True
previous,rl,500,11,0,0.09969135802469135,0.08611111111111111,0.0,0.0,0.0,0.013580246913580247,2.299280082276311,True
previous,rl,500,11,1,0.09969135802469135,0.08641975308641975,0.0,0.0,0.0,0.013271604938271604,2.3932122043195063,True
previous,rl,500,11,2,0.11358024691358025,0.09567901234567901,0.0,0.0,0.0,0.017901234567901235,2.432451253481894,True
previous,greedy,500,12,-1,0.21481481481481482,0.18888888888888888,0.025925925925925925,0.0,0.0,0.0,3.501572327044025,True
previous,random,500,12,-1,0.7719135802469136,0.45987654320987653,0.0,0.0,0.0,0.31203703703703706,4.34235453315291,True
previous,rate,500,12,-1,0.2657407407407407,0.24444444444444444,0.00030864197530864197,0.000925925925925926,0.0,0.020061728395061727,2.6242118537200505,True
previous,rl,500,12,0,0.31296296296296294,0.09567901234567901,0.0012345679012345679,0.00030864197530864197,0.0,0.21574074074074073,2.2888589398023362,True
previous,rl,500,12,1,0.3256172839506173,0.10555555555555556,0.0,0.00030864197530864197,0.0,0.21975308641975308,2.6384439359267735,True
previous,rl,500,12,2,0.3194444444444444,0.09969135802469135,0.0,0.00030864197530864197,0.0,0.21944444444444444,2.468934240362812,True
previous,greedy,500,13,-1,0.2345679012345679,0.021913580246913582,0.21265432098765433,0.0,0.0,0.0,4.178629032258065,True
previous,random,500,13,-1,0.7709876543209877,0.5984567901234568,0.0,0.0,0.0,0.17253086419753086,4.630727762803234,True
previous,rate,500,13,-1,0.15895061728395063,0.15,0.000925925925925926,0.0,0.0,0.008024691358024692,3.0656880733944956,True
previous,rl,500,13,0,0.061419753086419754,0.06080246913580247,0.0,0.0,0.0,0.0006172839506172839,3.3377178559684313,True
previous,rl,500,13,1,0.06759259259259259,0.06080246913580247,0.0,0.0,0.0,0.006790123456790123,3.241972856669977,True
previous,rl,500,13,2,0.07746913580246914,0.06388888888888888,0.0,0.0,0.0,0.013580246913580247,2.9250585480093676,True
previous,greedy,500,14,-1,0.3169753086419753,0.13055555555555556,0.18641975308641975,0.0,0.0,0.0,3.5327609579755985,True
previous,random,500,14,-1,0.774074074074074,0.5552469135802469,0.0,0.0,0.0,0.21882716049382717,4.314207650273224,True
previous,rate,500,14,-1,0.262037037037037,0.2518518518518518,0.00030864197530864197,0.004012345679012346,0.0,0.005864197530864198,2.57883730656629,True
previous,rl,500,14,0,0.15401234567901234,0.13703703703703704,0.0,0.004320987654320987,0.0,0.012654320987654321,2.5738781466618024,True
previous,rl,500,14,1,0.14444444444444443,0.1287037037037037,0.0,0.0021604938271604936,0.0,0.013580246913580247,2.8376623376623376,True
previous,rl,500,14,2,0.175,0.14969135802469136,0.0,0.004012345679012346,0.0,0.021296296296296296,3.144781144781145,True
previous,greedy,500,15,-1,0.2830246913580247,0.1404320987654321,0.1425925925925926,0.0,0.0,0.0,3.124408092983211,True
previous,random,500,15,-1,0.7830246913580247,0.6256172839506173,0.0,0.0,0.0,0.1574074074074074,4.034139402560455,True
previous,rate,500,15,-1,0.2975308641975309,0.29012345679012347,0.0006172839506172839,0.0,0.0,0.006790123456790123,2.46792618629174,True
previous,rl,500,15,0,0.20771604938271604,0.19166666666666668,0.0,0.0,0.0,0.016049382716049384,2.3599532528243086,True
previous,rl,500,15,1,0.19074074074074074,0.17777777777777778,0.0,0.0,0.0,0.012962962962962963,3.170480549199085,True
previous,rl,500,15,2,0.22685185185185186,0.195679012345679,0.0,0.0,0.0,0.03117283950617284,2.633932135728543,True
previous,greedy,500,16,-1,0.24506172839506174,0.05185185185185185,0.19320987654320987,0.0,0.0,0.0,3.6193785772690106,True
previous,random,500,16,-1,0.7348765432098765,0.5854938271604938,0.0,0.0,0.0,0.14938271604938272,4.204889406286379,True
previous,rate,500,16,-1,0.1685185185185185,0.15524691358024692,0.0,0.0,0.0,0.013271604938271606,2.319970304380104,True
previous,rl,500,16,0,0.07067901234567901,0.06790123456790123,0.0,0.0,0.0,0.002777777777777778,2.29757555629359,True
previous,rl,500,16,1,0.0734567901234568,0.07037037037037037,0.0,0.0,0.0,0.0030864197530864196,2.1479013990672886,True
previous,rl,500,16,2,0.0691358024691358,0.06512345679012346,0.0,0.0,0.0,0.004012345679012346,2.2805039787798407,True
previous,greedy,500,17,-1,0.05277777777777778,0.05277777777777778,0.0,0.0,0.0,0.0,3.7552948843271423,True
previous,random,500,17,-1,0.745679012345679,0.592283950617284,0.0,0.0,0.0,0.15339506172839507,4.189320388349515,True
previous,rate,500,17,-1,0.18641975308641975,0.17407407407407408,0.00030864197530864197,0.0012345679012345679,0.0,0.01080246913580247,2.981411229135053,True
previous,rl,500,17,0,0.08919753086419753,0.07592592592592592,0.0,0.0,0.0,0.013271604938271606,3.1616401219925447,True
previous,rl,500,17,1,0.10771604938271605,0.08858024691358024,0.0,0.0,0.0,0.0191358024691358,2.815288827395365,True
previous,rl,500,17,2,0.1388888888888889,0.11574074074074074,0.0,0.0,0.0,0.023148148148148147,2.8985663082437276,True
previous,greedy,500,18,-1,0.3595679012345679,0.07654320987654321,0.2830246913580247,0.0,0.0,0.0,4.109879518072289,True
previous,random,500,18,-1,0.7228395061728395,0.5040123456790123,0.0,0.0,0.0,0.21882716049382717,4.404231625835189,True
previous,rate,500,18,-1,0.19907407407407407,0.19074074074074074,0.0,0.0,0.0,0.008333333333333333,2.5325626204238922,True
previous,rl,500,18,0,0.1404320987654321,0.13364197530864197,0.0,0.0,0.0,0.006790123456790123,2.56983842010772,True
previous,rl,500,18,1,0.12808641975308643,0.1169753086419753,0.0,0.0,0.0,0.011111111111111112,2.7624778761061948,True
previous,rl,500,18,2,0.1388888888888889,0.12222222222222222,0.0,0.0,0.0,0.016666666666666666,2.6903225806451614,True
previous,greedy,500,19,-1,0.32685185185185184,0.11574074074074074,0.2111111111111111,0.0,0.0,0.0,3.9124254928931683,True
previous,random,500,19,-1,0.7805555555555556,0.6132716049382716,0.0,0.0,0.0,0.16728395061728396,3.9859353023909985,True
previous,rate,500,19,-1,0.2015432098765432,0.19475308641975309,0.00030864197530864197,0.0,0.0,0.006481481481481481,2.373405488983378,True
previous,rl,500,19,0,0.1345679012345679,0.12561728395061728,0.0,0.0,0.0,0.008950617283950617,2.5392296718972895,True
previous,rl,500,19,1,0.13796296296296295,0.12160493827160494,0.0,0.0,0.0,0.016358024691358025,2.710705334765485,True
previous,rl,500,19,2,0.14444444444444443,0.12777777777777777,0.0,0.0,0.0,0.016666666666666666,2.8935786435786435,True
previous,greedy,500,20,-1,0.16327160493827161,0.09166666666666666,0.07160493827160494,0.0,0.0,0.0,3.4699372925119882,True
previous,random,500,20,-1,0.7469135802469136,0.5432098765432098,0.0,0.0,0.0,0.2037037037037037,4.296341463414634,True
previous,rate,500,20,-1,0.1814814814814815,0.17746913580246915,0.00030864197530864197,0.000925925925925926,0.0,0.002777777777777778,2.5659879336349927,True
previous,rl,500,20,0,0.11388888888888889,0.10524691358024692,0.0,0.00030864197530864197,0.0,0.008333333333333333,2.4869383490073145,True
previous,rl,500,20,1,0.12006172839506173,0.11141975308641976,0.0,0.00030864197530864197,0.0,0.008333333333333333,2.771659066994037,True
previous,rl,500,20,2,0.11419753086419752,0.10432098765432099,0.0,0.00030864197530864197,0.0,0.009567901234567902,2.8268292682926828,True
path,greedy,200,1,-1,0.4804938271604938,0.06950617283950618,0.41098765432098766,0.0,0.0,0.0,2.877851711026616,True
path,random,200,1,-1,0.7650617283950617,0.639753086419753,0.0,0.0,0.01765432098765432,0.10765432098765432,4.293746715712033,True
path,rate,200,1,-1,0.304320987654321,0.2858024691358025,0.006419753086419753,0.0,0.004074074074074074,0.008024691358024692,2.920851818988465,True
path,rl,200,1,0,0.3111111111111111,0.22901234567901235,0.0002469135802469136,0.0,0.010864197530864197,0.07098765432098765,3.910215053763441,True
path,rl,200,1,1,0.3137037037037037,0.204320987654321,0.07851851851851852,0.0,0.008395061728395062,0.022469135802469134,3.4903759669005217,True
path,rl,200,1,2,0.3693827160493827,0.1591358024691358,0.19382716049382717,0.0,0.007530864197530864,0.008888888888888889,3.186374314800313,True
path,greedy,200,2,-1,0.5213580246913581,0.07814814814814815,0.4388888888888889,0.0,0.0,0.004320987654320987,3.1782305906628836,True
path,random,200,2,-1,0.7123456790123457,0.5704938271604938,0.0,0.0,0.02,0.12185185185185185,4.528326180257511,True
path,rate,200,2,-1,0.18901234567901234,0.1751851851851852,0.0049382716049382715,0.0,0.0012345679012345679,0.007654320987654321,3.089054650631755,True
path,rl,200,2,0,0.15876543209876542,0.13765432098765432,0.0,0.0,0.0007407407407407407,0.020370370370370372,3.3329909010859993,True
path,rl,200,2,1,0.1630864197530864,0.1276543209876543,0.009259259259259259,0.0,0.0022222222222222222,0.023950617283950617,3.5997934798642865,True
path,rl,200,2,2,0.16271604938271605,0.1325925925925926,0.003703703703703704,0.0,0.0002469135802469136,0.026172839506172843,3.652020053081687,True
path,greedy,200,3,-1,0.48604938271604936,0.12135802469135802,0.348641975308642,0.0,0.0,0.016049382716049384,3.339418688445832,True
path,random,200,3,-1,0.7674074074074074,0.5744444444444444,0.0,0.0,0.010864197530864197,0.18209876543209877,4.856687898089172,True
path,rate,200,3,-1,0.33901234567901234,0.27901234567901234,0.01,0.0,0.004197530864197531,0.04580246913580247,3.5834889802017185,True
path,rl,200,3,0,0.38567901234567903,0.20987654320987653,0.0011111111111111111,0.0,0.008271604938271605,0.16641975308641976,4.483520900321543,True
path,rl,200,3,1,0.36679012345679013,0.22358024691358025,0.08481481481481482,0.0,0.002345679012345679,0.05604938271604938,3.6262429323454866,True
path,rl,200,3,2,0.3861728395061728,0.15728395061728395,0.19666666666666666,0.0,0.0002469135802469136,0.031975308641975314,3.907481898632341,True
path,greedy,200,4,-1,0.5535802469135802,0.08123456790123457,0.4634567901234568,0.0,0.0,0.008888888888888889,3.5901548672566372,True
path,random,200,4,-1,0.7379012345679012,0.6018518518518519,0.0,0.0,0.01814814814814815,0.11790123456790123,4.556759302873292,True
path,rate,200,4,-1,0.2371604938271605,0.22728395061728396,0.0038271604938271606,0.0,0.0019753086419753087,0.004074074074074074,3.0780061498624374,True
path,rl,200,4,0,0.17074074074074075,0.1519753086419753,0.0001234567901234568,0.0,0.0024691358024691358,0.01617283950617284,3.3428613964567515,True
path,rl,200,4,1,0.21444444444444444,0.1554320987654321,0.03148148148148148,0.0,0.003703703703703704,0.02382716049382716,3.3941537010843943,True
path,rl,200,4,2,0.18407407407407408,0.16037037037037036,0.014197530864197531,0.0,0.0011111111111111111,0.008395061728395062,3.413829626267211,True
path,greedy,200,5,-1,0.5737037037037037,0.11123456790123457,0.45493827160493827,0.0,0.0,0.007530864197530864,3.5508253692441354,True
path,random,200,5,-1,0.7540740740740741,0.6512345679012346,0.0,0.0,0.020987654320987655,0.08185185185185186,4.465361445783133,True
path,rate,200,5,-1,0.25074074074074076,0.23864197530864198,0.004691358024691358,0.0,0.001851851851851852,0.005555555555555556,3.113527764046795,True
path,rl,200,5,0,0.23148148148148148,0.16358024691358025,0.0,0.0,0.02074074074074074,0.04716049382716049,3.8274698795180724,True
path,rl,200,5,1,0.21728395061728395,0.1745679012345679,0.012098765432098766,0.0,0.006790123456790123,0.02382716049382716,3.6996845425867506,True
path,rl,200,5,2,0.27913580246913583,0.1091358024691358,0.15506172839506172,0.0,0.0049382716049382715,0.01,3.4004110292858365,True
path,greedy,200,6,-1,0.421358024691358,0.10493827160493827,0.28876543209876543,0.0,0.0,0.027654320987654323,3.4175378707062087,True
path,random,200,6,-1,0.7346913580246913,0.5809876543209876,0.0,0.0,0.06469135802469136,0.08901234567901234,4.485342019543974,True
path,rate,200,6,-1,0.23308641975308642,0.19913580246913581,0.0024691358024691358,0.0,0.028148148148148148,0.003333333333333333,2.8414359304571795,True
path,rl,200,6,0,0.19592592592592592,0.1645679012345679,0.0,0.0,0.02654320987654321,0.004814814814814815,3.038384768923691,True
path,rl,200,6,1,0.2114814814814815,0.1754320987654321,0.002962962962962963,0.0,0.023333333333333334,0.009753086419753088,3.176452168467199,True
path,rl,200,6,2,0.1945679012345679,0.1574074074074074,0.0013580246913580246,0.0,0.027530864197530865,0.008271604938271605,3.239117106069896,True
path,greedy,200,7,-1,0.5820987654320988,0.12296296296296297,0.45493827160493827,0.0,0.0,0.004197530864197531,3.69807976366322,True
path,random,200,7,-1,0.7043209876543209,0.5253086419753087,0.0,0.0,0.043333333333333335,0.135679012345679,4.656367432150313,True
path,rate,200,7,-1,0.2733333333333333,0.2560493827160494,0.006790123456790123,0.0,0.004691358024691358,0.005802469135802469,3.1156982670744138,True
path,rl,200,7,0,0.304320987654321,0.2002469135802469,0.0,0.0,0.037654320987654324,0.06641975308641976,4.0285714285714285,True
path,rl,200,7,1,0.2965432098765432,0.21753086419753087,0.044938271604938275,0.0,0.008024691358024692,0.026049382716049382,3.358897858897859,True
path,rl,200,7,2,0.30148148148148146,0.17802469135802468,0.09592592592592593,0.0,0.004814814814814815,0.02271604938271605,3.6534110993283844,True
path,greedy,200,8,-1,0.4308641975308642,0.049012345679012345,0.36320987654320985,0.0,0.0,0.018641975308641975,3.1225596529284165,True
path,random,200,8,-1,0.6779012345679012,0.5187654320987655,0.0,0.0,0.011358024691358024,0.14777777777777779,4.692985818321196,True
path,rate,200,8,-1,0.13679012345679012,0.13197530864197532,0.0012345679012345679,0.0,0.0001234567901234568,0.0034567901234567903,2.3325228832951943,True
path,rl,200,8,0,0.09135802469135802,0.08493827160493828,0.0001234567901234568,0.0,0.0001234567901234568,0.006172839506172839,2.400407608695652,True
path,rl,200,8,1,0.0954320987654321,0.09148148148148148,0.0,0.0,0.0002469135802469136,0.003703703703703704,2.1737409581001774,True
path,rl,200,8,2,0.08098765432098766,0.07691358024691358,0.0,0.0,0.0002469135802469136,0.00382716049382716,2.3721117678667385,True
path,greedy,200,9,-1,0.4191358024691358,0.049135802469135806,0.34358024691358025,0.0,0.0,0.026419753086419754,3.3808714133900106,True
path,random,200,9,-1,0.7074074074074074,0.5264197530864198,0.0,0.0,0.07024691358024691,0.11074074074074074,4.478059071729958,True
path,rate,200,9,-1,0.19901234567901235,0.18185185185185185,0.005802469135802469,0.0,0.005061728395061729,0.006296296296296296,3.0078606658446363,True
path,rl,200,9,0,0.17876543209876544,0.14703703703703705,0.0,0.0,0.009012345679012346,0.02271604938271605,3.508568851473241,True
path,rl,200,9,1,0.17876543209876544,0.13617283950617284,0.011358024691358024,0.0,0.0044444444444444444,0.026790123456790126,3.7065544197233913,True
path,rl,200,9,2,0.16617283950617284,0.13419753086419753,0.011111111111111112,0.0,0.0033333333333333335,0.017530864197530863,3.4797157240153984,True
path,greedy,200,10,-1,0.5177777777777778,0.0591358024691358,0.42617283950617285,0.0,0.0,0.032469135802469136,3.7455197132616487,True
path,random,200,10,-1,0.7040740740740741,0.5775308641975309,0.0,0.0,0.018271604938271607,0.1082716049382716,4.463496036712558,True
path,rate,200,10,-1,0.18185185185185185,0.1617283950617284,0.005555555555555556,0.0,0.002839506172839506,0.011728395061728396,3.451788139429606,True
path,rl,200,10,0,0.14123456790123456,0.1271604938271605,0.0,0.0,0.004691358024691358,0.009382716049382716,3.618027602070155,True
path,rl,200,10,1,0.15481481481481482,0.1380246913580247,0.0027160493827160493,0.0,0.0032098765432098763,0.010864197530864199,3.3337715454279873,True
path,rl,200,10,2,0.19876543209876543,0.13864197530864197,0.0437037037037037,0.0,0.0027160493827160493,0.013703703703703704,3.5143297380585516,True
path,greedy,200,11,-1,0.5092592592592593,0.08123456790123457,0.41271604938271605,0.0,0.0,0.015308641975308642,3.4837735849056606,True
path,random,200,11,-1,0.6828395061728395,0.5424691358024691,0.0,0.0,0.035555555555555556,0.10481481481481482,4.314908524717789,True
path,rate,200,11,-1,0.20629629629629628,0.1939506172839506,0.0049382716049382715,0.0,0.004074074074074074,0.003333333333333333,2.7335510965935605,True
path,rl,200,11,0,0.1554320987654321,0.1385185185185185,0.0,0.0,0.0044444444444444444,0.012469135802469136,3.304487648004678,True
path,rl,200,11,1,0.21209876543209877,0.1662962962962963,0.014444444444444444,0.0,0.005925925925925926,0.0254320987654321,3.7499216546537135,True
path,rl,200,11,2,0.18567901234567902,0.14037037037037037,0.018518518518518517,0.0,0.003950617283950617,0.022839506172839506,3.7325651910248636,True
path,greedy,200,12,-1,0.5882716049382716,0.14629629629629629,0.4351851851851852,0.0,0.0,0.006790123456790123,3.2773613193403297,True
path,random,200,12,-1,0.7271604938271605,0.4474074074074074,0.0,0.0,0.20358024691358026,0.07617283950617285,4.3538461538461535,True
path,rate,200,12,-1,0.3532098765432099,0.22197530864197532,0.009382716049382716,0.0,0.11135802469135803,0.010493827160493827,3.431761786600496,True
path,rl,200,12,0,0.38814814814814813,0.15790123456790123,0.0001234567901234568,0.0,0.18765432098765433,0.04246913580246914,4.089790153349475,True
path,rl,200,12,1,0.3674074074074074,0.18753086419753087,0.016049382716049384,0.0,0.13012345679012347,0.0337037037037037,3.927790788446526,True
path,rl,200,12,2,0.39740740740740743,0.1402469135802469,0.03481481481481481,0.0,0.18666666666666668,0.03567901234567901,4.113091579594346,True
path,greedy,200,13,-1,0.505432098765432,0.028765432098765434,0.46382716049382716,0.0,0.0,0.012839506172839505,3.1917124313529706,True
path,random,200,13,-1,0.7308641975308642,0.5962962962962963,0.0,0.0,0.008148148148148147,0.12641975308641976,4.629816513761468,True
path,rate,200,13,-1,0.14864197530864198,0.14320987654320988,0.0008641975308641976,0.0,0.0013580246913580246,0.0032098765432098763,2.8020591647331785,True
path,rl,200,13,0,0.09876543209876543,0.09407407407407407,0.0,0.0,0.0008641975308641976,0.0038271604938271606,3.0094520547945205,True
path,rl,200,13,1,0.08074074074074074,0.07629629629629629,0.00037037037037037035,0.0,0.0011111111111111111,0.0029629629629629632,2.7101799623959173,True
path,rl,200,13,2,0.09864197530864198,0.08790123456790123,0.0,0.0,0.0034567901234567903,0.0072839506172839505,3.253116011505273,True
path,greedy,200,14,-1,0.6019753086419753,0.1523456790123457,0.44641975308641973,0.0,0.0,0.0032098765432098763,3.280707196029777,True
path,random,200,14,-1,0.7325925925925926,0.5479012345679012,0.0,0.0,0.08234567901234568,0.10234567901234567,4.3000923361034165,True
path,rate,200,14,-1,0.3091358024691358,0.264320987654321,0.01037037037037037,0.0,0.014074074074074074,0.020370370370370372,3.3300571837026447,True
path,rl,200,14,0,0.43246913580246915,0.18666666666666668,0.0001234567901234568,0.0,0.09135802469135802,0.15432098765432098,3.987600609092887,True
path,rl,200,14,1,0.3361728395061728,0.20580246913580247,0.07222222222222222,0.0,0.02,0.038148148148148146,3.441510135763437,True
path,rl,200,14,2,0.3628395061728395,0.16283950617283952,0.13160493827160494,0.0,0.010617283950617284,0.057777777777777775,3.5002906413485757,True
path,greedy,200,15,-1,0.5307407407407407,0.12530864197530864,0.4054320987654321,0.0,0.0,0.0,2.9400157853196527,True
path,random,200,15,-1,0.7246913580246913,0.6183950617283951,0.0,0.0,0.01271604938271605,0.09358024691358025,4.417937219730942,True
path,rate,200,15,-1,0.29814814814814816,0.2785185185185185,0.005432098765432099,0.0,0.0019753086419753087,0.012222222222222223,3.188566402814424,True
path,rl,200,15,0,0.38938271604938274,0.24123456790123457,0.0001234567901234568,0.0,0.009135802469135803,0.1388888888888889,3.999595632834614,True
path,rl,200,15,1,0.3219753086419753,0.2588888888888889,0.027777777777777776,0.0,0.0011111111111111111,0.03419753086419753,3.6412964311726146,True
path,rl,200,15,2,0.37382716049382714,0.19555555555555557,0.13098765432098766,0.0,0.0014814814814814814,0.04580246913580247,3.430007886435331,True
path,greedy,200,16,-1,0.40296296296296297,0.07308641975308643,0.30419753086419754,0.0,0.0,0.02567901234567901,3.176178660049628,True
path,random,200,16,-1,0.6830864197530864,0.5482716049382717,0.0,0.0,0.021604938271604937,0.11320987654320988,4.540319439033892,True
path,rate,200,16,-1,0.13234567901234567,0.12703703703703703,0.001851851851851852,0.0,0.0014814814814814814,0.0019753086419753087,2.2922595332953897,True
path,rl,200,16,0,0.08962962962962963,0.0880246913580247,0.0,0.0,0.00037037037037037035,0.0012345679012345679,2.7948196365608897,True
path,rl,200,16,1,0.07703703703703704,0.07382716049382716,0.0014814814814814814,0.0,0.0007407407407407407,0.0009876543209876543,2.792001070090958,True
path,rl,200,16,2,0.07098765432098765,0.06938271604938272,0.0,0.0,0.0007407407407407407,0.0008641975308641976,2.4041196013289037,True
path,greedy,200,17,-1,0.5218518518518519,0.06876543209876543,0.41358024691358025,0.0,0.0,0.03950617283950617,3.381099922540666,True
path,random,200,17,-1,0.7069135802469135,0.5804938271604938,0.0,0.0,0.02419753086419753,0.10222222222222223,4.416596461668071,True
path,rate,200,17,-1,0.19135802469135801,0.18098765432098765,0.002345679012345679,0.0,0.0024691358024691358,0.005555555555555556,2.8961832061068704,True
path,rl,200,17,0,0.13246913580246913,0.1182716049382716,0.0,0.0,0.0013580246913580246,0.012839506172839507,3.2987049950192118,True
path,rl,200,17,1,0.12814814814814815,0.1174074074074074,0.0030864197530864196,0.0,0.0006172839506172839,0.007037037037037037,3.3035967148116683,True
path,rl,200,17,2,0.12925925925925927,0.11851851851851852,0.0001234567901234568,0.0,0.0011111111111111111,0.009506172839506173,3.464341415000709,True
path,greedy,200,18,-1,0.5567901234567901,0.09506172839506173,0.4182716049382716,0.0,0.0,0.04345679012345679,3.615598885793872,True
path,random,200,18,-1,0.6577777777777778,0.48604938271604936,0.0,0.0,0.050617283950617285,0.12111111111111111,4.640692640692641,True
path,rate,200,18,-1,0.18493827160493828,0.17851851851851852,0.0014814814814814814,0.0,0.0019753086419753087,0.0029629629629629632,2.799454710693729,True
path,rl,200,18,0,0.13777777777777778,0.12172839506172839,0.0002469135802469136,0.0,0.005925925925925926,0.009876543209876545,3.2449885452462772,True
path,rl,200,18,1,0.13555555555555557,0.12012345679012346,0.002839506172839506,0.0,0.002345679012345679,0.010246913580246915,3.380462724935733,True
path,rl,200,18,2,0.12185185185185185,0.11209876543209876,0.005061728395061729,0.0,0.004074074074074074,0.0006172839506172839,2.676086039645719,True
path,greedy,200,19,-1,0.5588888888888889,0.07469135802469136,0.47703703703703704,0.0,0.0,0.007160493827160494,3.532885530366639,True
path,random,200,19,-1,0.7224691358024692,0.595925925925926,0.0,0.0,0.03148148148148148,0.09506172839506173,4.335409252669039,True
path,rate,200,19,-1,0.23617283950617285,0.2234567901234568,0.004814814814814815,0.0,0.0007407407407407407,0.007160493827160494,3.0711168579279136,True
path,rl,200,19,0,0.2011111111111111,0.16753086419753085,0.0,0.0,0.011975308641975308,0.021604938271604937,3.568227476433318,True
path,rl,200,19,1,0.2174074074074074,0.1819753086419753,0.002345679012345679,0.0,0.011975308641975308,0.021111111111111112,3.688594415522953,True
path,rl,200,19,2,0.23444444444444446,0.17555555555555555,0.03148148148148148,0.0,0.008148148148148147,0.01925925925925926,3.5118529269472667,True
path,greedy,200,20,-1,0.5766666666666667,0.08444444444444445,0.4922222222222222,0.0,0.0,0.0,3.799358413531642,True
path,random,200,20,-1,0.7092592592592593,0.54,0.0,0.0,0.04679012345679012,0.12246913580246914,4.487898089171974,True
path,rate,200,20,-1,0.14407407407407408,0.1388888888888889,0.0013580246913580246,0.0,0.0019753086419753087,0.001851851851851852,2.3774700706764746,True
path,rl,200,20,0,0.09975308641975308,0.09555555555555556,0.0,0.0,0.00037037037037037035,0.00382716049382716,2.7803071859572133,True
path,rl,200,20,1,0.10765432098765432,0.09728395061728395,0.0013580246913580246,0.0,0.004074074074074074,0.0049382716049382715,2.3980354178195906,True
path,rl,200,20,2,0.11012345679012346,0.09962962962962962,0.0020987654320987655,0.0,0.003703703703703704,0.004691358024691358,2.9920921198668147,True
path,greedy,500,1,-1,0.24074074074074073,0.06234567901234568,0.17839506172839506,0.0,0.0,0.0,2.955691056910569,True
path,random,500,1,-1,0.7734567901234568,0.6475308641975308,0.0,0.0,0.019135802469135803,0.10679012345679012,4.286103542234333,True
path,rate,500,1,-1,0.20925925925925926,0.20030864197530865,0.0012345679012345679,0.0,0.002777777777777778,0.0049382716049382715,2.719750195160031,True
path,rl,500,1,0,0.13209876543209875,0.11018518518518519,0.0,0.0,0.0021604938271604936,0.019753086419753086,3.2663584637268848,True
path,rl,500,1,1,0.1404320987654321,0.12993827160493826,0.0,0.0,0.004629629629629629,0.005864197530864198,3.0894075403949732,True
path,rl,500,1,2,0.1287037037037037,0.11234567901234568,0.0,0.0,0.0012345679012345679,0.015123456790123457,3.2975557917109457,True
path,greedy,500,2,-1,0.23148148148148148,0.03487654320987654,0.19660493827160494,0.0,0.0,0.0,3.744979919678715,True
path,random,500,2,-1,0.7098765432098766,0.5824074074074074,0.0,0.0,0.022222222222222223,0.10524691358024692,4.437234042553191,True
path,rate,500,2,-1,0.16604938271604938,0.15339506172839507,0.0,0.0,0.0049382716049382715,0.007716049382716049,2.8164322723908217,True
path,rl,500,2,0,0.1021604938271605,0.08765432098765433,0.0,0.0,0.004012345679012346,0.010493827160493827,3.82296321760055,True
path,rl,500,2,1,0.07962962962962963,0.07253086419753087,0.0,0.0,0.001851851851851852,0.005246913580246914,3.393360160965795,True
path,rl,500,2,2,0.1037037037037037,0.0867283950617284,0.0,0.0,0.004629629629629629,0.012345679012345678,3.8292011019283745,True
path,greedy,500,3,-1,0.1904320987654321,0.11851851851851852,0.07191358024691358,0.0,0.0,0.0,3.6877621044605413,True
path,random,500,3,-1,0.7716049382716049,0.5709876543209876,0.0,0.0,0.011111111111111112,0.18950617283950616,4.798648648648649,True
path,rate,500,3,-1,0.24845679012345678,0.2280864197530864,0.0006172839506172839,0.0,0.0030864197530864196,0.016666666666666666,3.728542094455852,True
path,rl,500,3,0,0.11604938271604938,0.10061728395061728,0.0,0.0,0.000925925925925926,0.014506172839506172,3.63372905027933,True
path,rl,500,3,1,0.1191358024691358,0.1154320987654321,0.0,0.0,0.0,0.003703703703703704,3.2768044849334266,True
path,rl,500,3,2,0.12283950617283951,0.12067901234567902,0.0,0.0,0.00030864197530864197,0.001851851851851852,3.4310344827586206,True
path,greedy,500,4,-1,0.18580246913580248,0.044753086419753084,0.1410493827160494,0.0,0.0,0.0,4.073919636087945,True
path,random,500,4,-1,0.7388888888888889,0.6046296296296296,0.0,0.0,0.017592592592592594,0.11666666666666667,4.464539007092198,True
path,rate,500,4,-1,0.16604938271604938,0.15555555555555556,0.000925925925925926,0.0,0.0024691358024691358,0.0070987654320987656,3.079940784603997,True
path,rl,500,4,0,0.08055555555555556,0.06851851851851852,0.0,0.0,0.0033950617283950617,0.008641975308641974,3.831151393084928,True
path,rl,500,4,1,0.10833333333333334,0.08271604938271605,0.0,0.0,0.004629629629629629,0.020987654320987655,3.978539286950502,True
path,rl,500,4,2,0.07592592592592592,0.06358024691358025,0.0,0.0,0.002777777777777778,0.009567901234567902,3.5517702070808284,True
path,greedy,500,5,-1,0.4145061728395062,0.08888888888888889,0.3256172839506173,0.0,0.0,0.0,4.247232472324724,True
path,random,500,5,-1,0.7555555555555555,0.6496913580246914,0.0,0.0,0.014814814814814815,0.09104938271604938,4.4646464646464645,True
path,rate,500,5,-1,0.2191358024691358,0.2095679012345679,0.00030864197530864197,0.0,0.004629629629629629,0.004629629629629629,2.792490118577075,True
path,rl,500,5,0,0.10061728395061728,0.0962962962962963,0.0,0.0,0.00030864197530864197,0.004012345679012346,3.640356897735072,True
path,rl,500,5,1,0.11604938271604938,0.10709876543209877,0.0,0.0,0.0015432098765432098,0.007407407407407408,3.778282122905028,True
path,rl,500,5,2,0.09012345679012346,0.08209876543209876,0.0,0.0,0.002777777777777778,0.005246913580246914,3.2951153324287654,True
path,greedy,500,6,-1,0.12839506172839507,0.10277777777777777,0.025617283950617284,0.0,0.0,0.0,3.9128895184135977,True
path,random,500,6,-1,0.7410493827160494,0.5824074074074074,0.0,0.0,0.06574074074074074,0.09290123456790124,4.5709177592371875,True
path,rate,500,6,-1,0.2518518518518518,0.2419753086419753,0.0,0.0,0.005864197530864198,0.004012345679012346,3.1307755775577557,True
path,rl,500,6,0,0.16882716049382715,0.14969135802469136,0.0,0.0,0.005864197530864198,0.013271604938271606,2.6873375417749723,True
path,rl,500,6,1,0.1425925925925926,0.12901234567901235,0.0,0.0,0.009259259259259259,0.004320987654320987,3.4737221022318217,True
path,rl,500,6,2,0.17839506172839506,0.1558641975308642,0.0,0.0,0.009567901234567902,0.012962962962962963,3.06198347107438,True
path,greedy,500,7,-1,0.18179012345679013,0.07561728395061729,0.10617283950617284,0.0,0.0,0.0,3.856280648811769,True
path,random,500,7,-1,0.7209876543209877,0.5376543209876543,0.0,0.0,0.04814814814814815,0.13518518518518519,4.576327433628318,True
path,rate,500,7,-1,0.17222222222222222,0.15555555555555556,0.0006172839506172839,0.0,0.0033950617283950617,0.012654320987654321,3.0540641312453394,True
path,rl,500,7,0,0.11790123456790123,0.08950617283950617,0.0,0.0,0.014506172839506172,0.013888888888888888,2.4650104968509448,True
path,rl,500,7,1,0.08487654320987655,0.07098765432098765,0.001851851851851852,0.0,0.004012345679012346,0.008024691358024692,2.741652613827993,True
path,rl,500,7,2,0.16049382716049382,0.11419753086419752,0.027160493827160494,0.0,0.004629629629629629,0.014506172839506172,3.272794117647059,True
path,greedy,500,8,-1,0.34382716049382717,0.049074074074074076,0.29475308641975306,0.0,0.0,0.0,4.043744120413923,True
path,random,500,8,-1,0.6830246913580247,0.5314814814814814,0.0,0.0,0.014197530864197531,0.13734567901234568,4.496592015579357,True
path,rate,500,8,-1,0.13425925925925927,0.13179012345679011,0.00030864197530864197,0.0,0.0,0.0021604938271604936,2.7376114081996437,True
path,rl,500,8,0,0.08117283950617284,0.0734567901234568,0.0,0.0,0.00030864197530864197,0.007407407407407408,3.4843802485723883,True
path,rl,500,8,1,0.08209876543209876,0.0734567901234568,0.0,0.0,0.00030864197530864197,0.008333333333333333,3.2871553463349024,True
path,rl,500,8,2,0.0824074074074074,0.07530864197530865,0.0,0.0,0.00030864197530864197,0.006790123456790123,2.7652203161789437,True
path,greedy,500,9,-1,0.44290123456790126,0.030864197530864196,0.41203703703703703,0.0,0.0,0.0,4.755124653739612,True
path,random,500,9,-1,0.7040123456790124,0.524074074074074,0.0,0.0,0.06604938271604938,0.11388888888888889,4.363920750782064,True
path,rate,500,9,-1,0.1712962962962963,0.1595679012345679,0.0,0.0,0.006790123456790123,0.0049382716049382715,2.703538175046555,True
path,rl,500,9,0,0.0867283950617284,0.07253086419753087,0.0,0.0,0.008641975308641974,0.005555555555555556,3.534302129097668,True
path,rl,500,9,1,0.07469135802469136,0.06265432098765432,0.0,0.0,0.007716049382716049,0.004320987654320987,3.487991994663109,True
path,rl,500,9,2,0.09876543209876543,0.0808641975308642,0.0,0.0,0.010185185185185186,0.007716049382716049,3.098972602739726,True
path,greedy,500,10,-1,0.1925925925925926,0.040123456790123455,0.15246913580246912,0.0,0.0,0.0,4.176223241590214,True
path,random,500,10,-1,0.7080246913580247,0.578395061728395,0.0,0.0,0.016666666666666666,0.11296296296296296,4.576109936575053,True
path,rate,500,10,-1,0.14722222222222223,0.14320987654320988,0.0006172839506172839,0.0,0.00030864197530864197,0.0030864197530864196,2.7090119435396307,True
path,rl,500,10,0,0.1,0.08425925925925926,0.0,0.0,0.0015432098765432098,0.014197530864197531,3.429698216735254,True
path,rl,500,10,1,0.07530864197530865,0.06635802469135803,0.0,0.0,0.005864197530864198,0.0030864197530864196,3.215954606141522,True
path,rl,500,10,2,0.08641975308641975,0.07654320987654321,0.0,0.0,0.0024691358024691358,0.007407407407407408,2.983445945945946,True
path,greedy,500,11,-1,0.3570987654320988,0.06790123456790123,0.2891975308641975,0.0,0.0,0.0,4.104656745079213,True
path,random,500,11,-1,0.6703703703703704,0.5314814814814814,0.0,0.0,0.03425925925925926,0.10462962962962963,4.437265917602996,True
path,rate,500,11,-1,0.17407407407407408,0.1669753086419753,0.00030864197530864197,0.0,0.001851851851851852,0.0049382716049382715,2.3804185351270553,True
path,rl,500,11,0,0.05925925925925926,0.05154320987654321,0.0,0.0,0.0049382716049382715,0.002777777777777778,2.688320209973753,True
path,rl,500,11,1,0.075,0.06635802469135803,0.0,0.0,0.005246913580246914,0.0033950617283950617,3.1428094761428094,True
path,rl,500,11,2,0.08888888888888889,0.07685185185185185,0.0,0.0,0.0070987654320987656,0.0049382716049382715,3.1527777777777777,True
path,greedy,500,12,-1,0.21481481481481482,0.18888888888888888,0.025925925925925925,0.0,0.0,0.0,3.501572327044025,True
path,random,500,12,-1,0.707716049382716,0.4419753086419753,0.0,0.0,0.19814814814814816,0.06759259259259259,4.413938753959873,True
path,rate,500,12,-1,0.2682098765432099,0.23981481481481481,0.0006172839506172839,0.0,0.022839506172839506,0.0049382716049382715,3.2787853226486714,True
path,rl,500,12,0,0.29598765432098767,0.12067901234567902,0.0,0.0,0.16635802469135802,0.008950617283950617,3.3844804910127135,True
path,rl,500,12,1,0.2302469135802469,0.16913580246913582,0.0,0.0,0.053703703703703705,0.007407407407407408,3.4101844426623895,True
path,rl,500,12,2,0.27685185185185185,0.10586419753086419,0.0,0.0,0.1697530864197531,0.0012345679012345679,3.2317541613316263,True
path,greedy,500,13,-1,0.2345679012345679,0.021913580246913582,0.21265432098765433,0.0,0.0,0.0,4.178629032258065,True
path,random,500,13,-1,0.7324074074074074,0.596604938271605,0.0,0.0,0.006481481481481481,0.12932098765432098,4.53517877739331,True
path,rate,500,13,-1,0.14598765432098765,0.1419753086419753,0.00030864197530864197,0.0,0.00030864197530864197,0.0033950617283950617,3.134080231297434,True
path,rl,500,13,0,0.0367283950617284,0.03518518518518519,0.0,0.0,0.0006172839506172839,0.000925925925925926,3.862544056392182,True
path,rl,500,13,1,0.038580246913580245,0.030246913580246913,0.0,0.0,0.0006172839506172839,0.007716049382716049,3.932263242375602,True
path,rl,500,13,2,0.03950617283950617,0.03518518518518519,0.0,0.0,0.0012345679012345679,0.0030864197530864196,3.6674164524421595,True
path,greedy,500,14,-1,0.3169753086419753,0.13055555555555556,0.18641975308641975,0.0,0.0,0.0,3.5327609579755985,True
path,random,500,14,-1,0.7262345679012345,0.5472222222222223,0.0,0.0,0.0824074074074074,0.09660493827160493,4.476888387824126,True
path,rate,500,14,-1,0.24598765432098765,0.225,0.0,0.0,0.012345679012345678,0.008641975308641974,2.8510028653295127,True
path,rl,500,14,0,0.17253086419753086,0.1506172839506173,0.0,0.0,0.005864197530864198,0.016049382716049384,3.4901156284968295,True
path,rl,500,14,1,0.20493827160493827,0.11327160493827161,0.05277777777777778,0.0,0.011728395061728396,0.027160493827160494,3.2569875776397517,True
path,rl,500,14,2,0.18981481481481483,0.1441358024691358,0.026234567901234566,0.0,0.008950617283950617,0.010493827160493827,3.416,True
path,greedy,500,15,-1,0.2830246913580247,0.1404320987654321,0.1425925925925926,0.0,0.0,0.0,3.124408092983211,True
path,random,500,15,-1,0.7265432098765432,0.6228395061728395,0.0,0.0,0.012037037037037037,0.09166666666666666,4.281038374717833,True
path,rate,500,15,-1,0.275,0.25617283950617287,0.000925925925925926,0.0,0.0015432098765432098,0.016358024691358025,2.9846743295019156,True
path,rl,500,15,0,0.19444444444444445,0.1765432098765432,0.0,0.0,0.001851851851851852,0.016049382716049384,3.3739463601532567,True
path,rl,500,15,1,0.18796296296296297,0.16728395061728396,0.0,0.0,0.0021604938271604936,0.01851851851851852,3.771569745343976,True
path,rl,500,15,2,0.19197530864197532,0.17314814814814813,0.0,0.0,0.0024691358024691358,0.016358024691358025,3.79449961802903,True
path,greedy,500,16,-1,0.24506172839506174,0.05185185185185185,0.19320987654320987,0.0,0.0,0.0,3.6193785772690106,True
path,random,500,16,-1,0.6731481481481482,0.5370370370370371,0.0,0.0,0.019135802469135803,0.1169753086419753,4.554296506137866,True
path,rate,500,16,-1,0.1638888888888889,0.16018518518518518,0.0,0.0,0.0015432098765432098,0.0021604938271604936,2.477297895902547,True
path,rl,500,16,0,0.055246913580246915,0.05493827160493827,0.0,0.0,0.00030864197530864197,0.0,2.5602744201241423,True
path,rl,500,16,1,0.07314814814814814,0.07253086419753087,0.0,0.0,0.00030864197530864197,0.00030864197530864197,3.07992007992008,True
path,rl,500,16,2,0.05895061728395062,0.05740740740740741,0.0,0.0,0.00030864197530864197,0.0012345679012345679,3.094129222695966,True
path,greedy,500,17,-1,0.05277777777777778,0.05277777777777778,0.0,0.0,0.0,0.0,3.7552948843271423,True
path,random,500,17,-1,0.6959876543209876,0.5765432098765432,0.0,0.0,0.024382716049382715,0.09506172839506173,4.484263959390863,True
path,rate,500,17,-1,0.2015432098765432,0.19783950617283952,0.0,0.0,0.0012345679012345679,0.0024691358024691358,3.214534209509084,True
path,rl,500,17,0,0.06851851851851852,0.0654320987654321,0.0,0.0,0.0,0.0030864197530864196,3.520543406229291,True
path,rl,500,17,1,0.07160493827160494,0.06944444444444445,0.0,0.0,0.0,0.0021604938271604936,3.894281914893617,True
path,rl,500,17,2,0.06851851851851852,0.06481481481481481,0.0,0.0,0.0012345679012345679,0.0024691358024691358,4.163021868787276,True
path,greedy,500,18,-1,0.3595679012345679,0.07654320987654321,0.2830246913580247,0.0,0.0,0.0,4.109879518072289,True
path,random,500,18,-1,0.6694444444444444,0.48703703703703705,0.0,0.0,0.04938271604938271,0.1330246913580247,4.591036414565826,True
path,rate,500,18,-1,0.17839506172839506,0.16820987654320987,0.0006172839506172839,0.0,0.005864197530864198,0.003703703703703704,3.6145755071374905,True
path,rl,500,18,0,0.12777777777777777,0.10648148148148148,0.0,0.0,0.010493827160493827,0.010802469135802469,4.026185421089879,True
path,rl,500,18,1,0.12129629629629629,0.0962962962962963,0.0,0.0,0.016666666666666666,0.008333333333333333,4.13839128907622,True
path,rl,500,18,2,0.11574074074074074,0.09969135802469135,0.0,0.0,0.014814814814814815,0.0012345679012345679,3.6467713787085514,True
path,greedy,500,19,-1,0.32685185185185184,0.11574074074074074,0.2111111111111111,0.0,0.0,0.0,3.9124254928931683,True
path,random,500,19,-1,0.7117283950617284,0.5858024691358025,0.0,0.0,0.02654320987654321,0.09938271604938272,4.3661670235546035,True
path,rate,500,19,-1,0.22623456790123456,0.21635802469135804,0.0,0.0,0.0012345679012345679,0.008641975308641974,2.7335460710011965,True
path,rl,500,19,0,0.1287037037037037,0.11419753086419752,0.0,0.0,0.007407407407407408,0.0070987654320987656,3.140630534891959,True
path,rl,500,19,1,0.14012345679012345,0.12623456790123458,0.0,0.0,0.0049382716049382715,0.008950617283950617,3.893754486719311,True
path,rl,500,19,2,0.12808641975308643,0.11419753086419752,0.0,0.0,0.005555555555555556,0.008333333333333333,3.2484955752212388,True
path,greedy,500,20,-1,0.16327160493827161,0.09166666666666666,0.07160493827160494,0.0,0.0,0.0,3.4699372925119882,True
path,random,500,20,-1,0.7219135802469135,0.553395061728395,0.0,0.0,0.046296296296296294,0.12222222222222222,4.548279689234184,True
path,rate,500,20,-1,0.17006172839506173,0.1654320987654321,0.0,0.0,0.002777777777777778,0.001851851851851852,2.7727779843808107,True
path,rl,500,20,0,0.08456790123456791,0.07932098765432098,0.0,0.0,0.002777777777777778,0.0024691358024691358,4.05192178017532,True
path,rl,500,20,1,0.09722222222222222,0.08734567901234568,0.000925925925925926,0.0,0.0021604938271604936,0.006790123456790123,3.587008547008547,True
path,rl,500,20,2,0.0808641975308642,0.07592592592592592,0.0,0.0,0.0030864197530864196,0.001851851851851852,3.567494963062458,True
