# D50=356 m  |  slope=0.025/m  |  LINK_MAX_LOSS=0.5  |  reach=356 m  |  area=900x900 m  |  18M+7C  |  Q=10/link  |  N=1/link/step  |  load=200 ms  |  placements=10  |  window=[50,950) of 1000  |  commit=c0cc4c3-dirty  |  phase 1b training
init_seed,run_index,kind,routing,train_total_loss,train_bce,validation_total_loss,train_check_total_loss,validation_channel,validation_queue_full,validation_no_route,validation_ttl_hop
0,1,train,rl,0.21308641975308643,0.47503847412487366,,,,,,
0,2,train,rl,0.2074074074074074,0.5181742713673207,,,,,,
0,3,train,rl,0.21098765432098765,0.48946151264118715,,,,,,
0,4,train,rl,0.19962962962962963,0.49605013375307555,,,,,,
0,5,train,rl,0.09851851851851852,0.3446325117279245,,,,,,
0,6,train,rl,0.23790123456790124,0.5538982828295296,,,,,,
0,7,train,rl,0.3012345679012346,0.5973705399334114,,,,,,
0,8,train,rl,0.24098765432098765,0.5350814557284521,,,,,,
0,9,train,rl,0.362962962962963,0.6422832120731087,,,,,,
0,10,train,rl,0.16234567901234567,0.409281627804815,,,,,,
0,10,evaluation,rl,,,0.17612345679012348,0.19597530864197532,0.15844444444444444,0.003876543209876543,1.234567901234568e-05,0.013790123456790124
0,11,train,rl,0.5122222222222222,0.6239445290109346,,,,,,
0,12,train,rl,0.20123456790123456,0.4808449899789634,,,,,,
0,13,train,rl,0.14246913580246914,0.3770047692288663,,,,,,
0,14,train,rl,0.2954320987654321,0.6004999031937575,,,,,,
0,15,train,rl,0.16246913580246913,0.4257653789549826,,,,,,
0,16,train,rl,0.25641975308641973,0.5919818587185487,,,,,,
0,17,train,rl,0.307283950617284,0.5998553658352682,,,,,,
0,18,train,rl,0.2518518518518518,0.5555379941741719,,,,,,
0,19,train,rl,0.4696296296296296,0.6172947928857949,,,,,,
0,20,train,rl,0.14790123456790125,0.4040649406218774,,,,,,
0,20,evaluation,rl,,,0.1772962962962963,0.18982716049382714,0.17014814814814816,0.0,3.7037037037037037e-05,0.0071111111111111115
0,21,train,rl,0.14962962962962964,0.39108601696740053,,,,,,
0,22,train,rl,0.2025925925925926,0.5204577743389446,,,,,,
0,23,train,rl,0.1769135802469136,0.4138291203770144,,,,,,
0,24,train,rl,0.16493827160493826,0.46696861976881243,,,,,,
0,25,train,rl,0.2866666666666667,0.6288810191421742,,,,,,
0,26,train,rl,0.2,0.4806062072205427,,,,,,
0,27,train,rl,0.2008641975308642,0.489512745970932,,,,,,
0,28,train,rl,0.17580246913580247,0.45093046575602297,,,,,,
0,29,train,rl,0.2760493827160494,0.5844199293474122,,,,,,
0,30,train,rl,0.2782716049382716,0.5914935050029082,,,,,,
0,30,evaluation,rl,,,0.1771111111111111,0.19185185185185186,0.15814814814814815,0.0,9.876543209876544e-05,0.018864197530864196
0,31,train,rl,0.20135802469135802,0.5049771977504294,,,,,,
0,32,train,rl,0.1474074074074074,0.4438933163426757,,,,,,
0,33,train,rl,0.17123456790123456,0.5045186988049978,,,,,,
0,34,train,rl,0.2580246913580247,0.576398057564033,,,,,,
0,35,train,rl,0.1362962962962963,0.39051649959471363,,,,,,
0,36,train,rl,0.20320987654320988,0.51269862405824,,,,,,
0,37,train,rl,0.20703703703703705,0.4903932678655114,,,,,,
0,38,train,rl,0.2502469135802469,0.5690991856433727,,,,,,
0,39,train,rl,0.2877777777777778,0.586685536585579,,,,,,
0,40,train,rl,0.2611111111111111,0.5537206281475799,,,,,,
0,40,evaluation,rl,,,0.1869753086419753,0.19425925925925927,0.16848148148148148,0.0,0.00013580246913580247,0.018358024691358027
0,41,train,rl,0.2519753086419753,0.5528107156103428,,,,,,
0,42,train,rl,0.24432098765432098,0.5812424114921083,,,,,,
0,43,train,rl,0.17419753086419754,0.4365147934967718,,,,,,
0,44,train,rl,0.26049382716049385,0.5455572907350186,,,,,,
0,45,train,rl,0.29777777777777775,0.6105010228979791,,,,,,
0,46,train,rl,0.19098765432098766,0.4604793337001875,,,,,,
0,47,train,rl,0.09061728395061729,0.32229411801230823,,,,,,
0,48,train,rl,0.22123456790123458,0.5438761223861006,,,,,,
0,49,train,rl,0.1608641975308642,0.4319334376078461,,,,,,
0,50,train,rl,0.18950617283950616,0.5058515164020815,,,,,,
0,50,evaluation,rl,,,0.18419753086419752,0.20002469135802467,0.16339506172839507,0.0,0.00014814814814814815,0.02065432098765432
0,51,train,rl,0.4695061728395062,0.6127270721021246,,,,,,
0,52,train,rl,0.4414814814814815,0.6746928305885984,,,,,,
0,53,train,rl,0.19333333333333333,0.4896672866307199,,,,,,
0,54,train,rl,0.17234567901234568,0.43798900677960084,,,,,,
0,55,train,rl,0.1734567901234568,0.49518863388536144,,,,,,
0,56,train,rl,0.5493827160493827,0.6588878794234408,,,,,,
0,57,train,rl,0.22148148148148147,0.5214948168179824,,,,,,
0,58,train,rl,0.2828395061728395,0.6097459421588912,,,,,,
0,59,train,rl,0.30814814814814817,0.5903890909639201,,,,,,
0,60,train,rl,0.18506172839506174,0.467436732626275,,,,,,
0,60,evaluation,rl,,,0.17638271604938272,0.190358024691358,0.15741975308641976,0.0,9.876543209876544e-05,0.018864197530864196
1,1,train,rl,0.5118518518518519,0.44029339363858583,,,,,,
1,2,train,rl,0.2034567901234568,0.5271385255853952,,,,,,
1,3,train,rl,0.21864197530864196,0.5170358166387536,,,,,,
1,4,train,rl,0.2174074074074074,0.5245480864383942,,,,,,
1,5,train,rl,0.1028395061728395,0.39181607927619616,,,,,,
1,6,train,rl,0.25641975308641973,0.5963254535399579,,,,,,
1,7,train,rl,0.3760493827160494,0.6302431001834478,,,,,,
1,8,train,rl,0.2885185185185185,0.5856565352984497,,,,,,
1,9,train,rl,0.39024691358024693,0.6376764330922103,,,,,,
1,10,train,rl,0.14469135802469135,0.3833052283377512,,,,,,
1,10,evaluation,rl,,,0.24544444444444444,0.2411111111111111,0.10862962962962963,0.13277777777777777,2.469135802469136e-05,0.004012345679012345
1,11,train,rl,0.5450617283950617,0.6451561120979359,,,,,,
1,12,train,rl,0.2182716049382716,0.4966013291370087,,,,,,
1,13,train,rl,0.16111111111111112,0.41717545302845244,,,,,,
1,14,train,rl,0.3277777777777778,0.6162157199816081,,,,,,
1,15,train,rl,0.1680246913580247,0.4439623726380838,,,,,,
1,16,train,rl,0.26049382716049385,0.602236045960161,,,,,,
1,17,train,rl,0.36728395061728397,0.625855333347981,,,,,,
1,18,train,rl,0.24691358024691357,0.5406156451395758,,,,,,
1,19,train,rl,0.4712345679012346,0.6194763414202986,,,,,,
1,20,train,rl,0.15407407407407409,0.4016559929887762,,,,,,
1,20,evaluation,rl,,,0.19955555555555554,0.20771604938271607,0.13982716049382715,0.048246913580246915,0.0,0.011481481481481481
1,21,train,rl,0.13555555555555557,0.4113575442272439,,,,,,
1,22,train,rl,0.21802469135802469,0.5515933298476091,,,,,,
1,23,train,rl,0.1880246913580247,0.4521243696562425,,,,,,
1,24,train,rl,0.16641975308641976,0.46889387239451424,,,,,,
1,25,train,rl,0.338641975308642,0.6439393186170993,,,,,,
1,26,train,rl,0.2525925925925926,0.53389793328071,,,,,,
1,27,train,rl,0.17938271604938272,0.45739379818023174,,,,,,
1,28,train,rl,0.17777777777777778,0.4586022494319701,,,,,,
1,29,train,rl,0.24839506172839507,0.5636690790344517,,,,,,
1,30,train,rl,0.2839506172839506,0.5859778636092929,,,,,,
1,30,evaluation,rl,,,0.18498765432098765,0.20055555555555554,0.1451604938271605,0.02851851851851852,0.0,0.011308641975308642
1,31,train,rl,0.2222222222222222,0.5323555978577539,,,,,,
1,32,train,rl,0.1688888888888889,0.4826894212272708,,,,,,
1,33,train,rl,0.21308641975308643,0.5485929641253638,,,,,,
1,34,train,rl,0.26925925925925925,0.5832895996482138,,,,,,
1,35,train,rl,0.1282716049382716,0.38127412359489476,,,,,,
1,36,train,rl,0.18790123456790123,0.47021576495206246,,,,,,
1,37,train,rl,0.2025925925925926,0.472078262279588,,,,,,
1,38,train,rl,0.24679012345679013,0.5823759408187621,,,,,,
1,39,train,rl,0.2803703703703704,0.584320312468555,,,,,,
1,40,train,rl,0.26271604938271603,0.5513445583146972,,,,,,
1,40,evaluation,rl,,,0.18255555555555555,0.1947037037037037,0.16335802469135802,0.0038024691358024693,4.938271604938272e-05,0.015345679012345678
1,41,train,rl,0.26222222222222225,0.5681568650797727,,,,,,
1,42,train,rl,0.27024691358024694,0.5971394910740074,,,,,,
1,43,train,rl,0.15185185185185185,0.3957085096996955,,,,,,
1,44,train,rl,0.23012345679012347,0.495130911401262,,,,,,
1,45,train,rl,0.3316049382716049,0.6242338408415845,,,,,,
1,46,train,rl,0.23160493827160494,0.5394805057722097,,,,,,
1,47,train,rl,0.08839506172839506,0.3146206568353451,,,,,,
1,48,train,rl,0.2280246913580247,0.5292489150676288,,,,,,
1,49,train,rl,0.14876543209876544,0.4284661468021919,,,,,,
1,50,train,rl,0.19061728395061728,0.5100724050655928,,,,,,
1,50,evaluation,rl,,,0.16985185185185186,0.18906172839506172,0.1414320987654321,0.0003209876543209877,0.0,0.028098765432098764
1,51,train,rl,0.4719753086419753,0.5486650867808249,,,,,,
1,52,train,rl,0.45580246913580247,0.6902593510940882,,,,,,
1,53,train,rl,0.1945679012345679,0.4665686241110801,,,,,,
1,54,train,rl,0.18876543209876542,0.5025755414419403,,,,,,
1,55,train,rl,0.16901234567901235,0.48921408358075963,,,,,,
1,56,train,rl,0.5541975308641975,0.6202362436716985,,,,,,
1,57,train,rl,0.2234567901234568,0.4954581755327479,,,,,,
1,58,train,rl,0.2882716049382716,0.6044703556142388,,,,,,
1,59,train,rl,0.34987654320987654,0.6304000357757936,,,,,,
1,60,train,rl,0.21135802469135803,0.5270870341873074,,,,,,
1,60,evaluation,rl,,,0.17412345679012348,0.19614814814814813,0.1432469135802469,0.0019259259259259258,0.0,0.028950617283950614
1,61,train,rl,0.11938271604938272,0.3633870765052993,,,,,,
1,62,train,rl,0.13444444444444445,0.4241931008855029,,,,,,
1,63,train,rl,0.10407407407407407,0.35382778580184404,,,,,,
1,64,train,rl,0.1634567901234568,0.43728814322001686,,,,,,
1,65,train,rl,0.15358024691358024,0.41329282144041257,,,,,,
1,66,train,rl,0.23641975308641974,0.5634974851689009,,,,,,
1,67,train,rl,0.30419753086419754,0.5921400999773776,,,,,,
1,68,train,rl,0.3304938271604938,0.6092790911714715,,,,,,
1,69,train,rl,0.23753086419753086,0.525236130229455,,,,,,
1,70,train,rl,0.20641975308641974,0.5024488982365748,,,,,,
1,70,evaluation,rl,,,0.1784814814814815,0.19528395061728393,0.1501358024691358,0.0,0.00016049382716049382,0.028185185185185185
1,71,train,rl,0.11481481481481481,0.393621453096694,,,,,,
1,72,train,rl,0.24320987654320989,0.580120921591897,,,,,,
1,73,train,rl,0.08160493827160493,0.3347474626479935,,,,,,
1,74,train,rl,0.11320987654320988,0.3981209886759253,,,,,,
1,75,train,rl,0.11037037037037037,0.37780270003347965,,,,,,
1,76,train,rl,0.36839506172839503,0.6618828458465496,,,,,,
1,77,train,rl,0.22234567901234567,0.5330307489673054,,,,,,
1,78,train,rl,0.31592592592592594,0.6162742742563335,,,,,,
1,79,train,rl,0.24172839506172838,0.5244329072663496,,,,,,
1,80,train,rl,0.2581481481481481,0.5739387663231867,,,,,,
1,80,evaluation,rl,,,0.1698395061728395,0.1889259259259259,0.1542222222222222,0.00027160493827160494,6.17283950617284e-05,0.01528395061728395
1,81,train,rl,0.14407407407407408,0.417204426378587,,,,,,
1,82,train,rl,0.35271604938271606,0.6470489731649073,,,,,,
1,83,train,rl,0.3933333333333333,0.620614864010231,,,,,,
1,84,train,rl,0.194320987654321,0.4627459345186652,,,,,,
1,85,train,rl,0.13790123456790124,0.4063256558811783,,,,,,
1,86,train,rl,0.14,0.4309619942017026,,,,,,
1,87,train,rl,0.24407407407407408,0.5596705459852199,,,,,,
1,88,train,rl,0.23185185185185186,0.5496188205440528,,,,,,
1,89,train,rl,0.5058024691358025,0.6596878530958713,,,,,,
1,90,train,rl,0.3802469135802469,0.591239311201598,,,,,,
1,90,evaluation,rl,,,0.18285185185185185,0.19255555555555554,0.16999999999999998,0.0,0.0001234567901234568,0.012728395061728395
1,91,train,rl,0.23222222222222222,0.5413565420572032,,,,,,
1,92,train,rl,0.175679012345679,0.4476395928167551,,,,,,
1,93,train,rl,0.124320987654321,0.3914186861789362,,,,,,
1,94,train,rl,0.18617283950617283,0.4923621643808604,,,,,,
1,95,train,rl,0.2716049382716049,0.5855797607740405,,,,,,
1,96,train,rl,0.27814814814814814,0.5590876068477659,,,,,,
1,97,train,rl,0.2634567901234568,0.5726614245585389,,,,,,
1,98,train,rl,0.18580246913580248,0.5111565290368753,,,,,,
1,99,train,rl,0.24333333333333335,0.5392946087141341,,,,,,
1,100,train,rl,0.11851851851851852,0.3776174885987797,,,,,,
1,100,evaluation,rl,,,0.16433333333333333,0.18976543209876545,0.1422469135802469,0.0,0.0,0.02208641975308642
1,101,train,rl,0.3745679012345679,0.47289774277857666,,,,,,
1,102,train,rl,0.37407407407407406,0.4718651462500253,,,,,,
1,103,train,rl,0.2645679012345679,0.6079908918841664,,,,,,
1,104,train,rl,0.15950617283950616,0.4286443210761004,,,,,,
1,105,train,rl,0.40012345679012346,0.6344048523977399,,,,,,
1,106,train,rl,0.15308641975308643,0.45117646642486936,,,,,,
1,107,train,rl,0.1945679012345679,0.504542435166137,,,,,,
1,108,train,rl,0.5291358024691358,0.6559808981098585,,,,,,
1,109,train,rl,0.1808641975308642,0.48156773838998235,,,,,,
1,110,train,rl,0.4028395061728395,0.6365935485505356,,,,,,
1,110,evaluation,rl,,,0.17365432098765432,0.17781481481481481,0.13946913580246914,0.0,0.0002345679012345679,0.033950617283950615
1,111,train,rl,0.14098765432098764,0.38459252336471483,,,,,,
1,112,train,rl,0.11851851851851852,0.40499210750535586,,,,,,
1,113,train,rl,0.1382716049382716,0.3784234334191332,,,,,,
1,114,train,rl,0.4004938271604938,0.6528336395368431,,,,,,
1,115,train,rl,0.11234567901234568,0.34982488797389,,,,,,
1,116,train,rl,0.23271604938271606,0.5048265159865352,,,,,,
1,117,train,rl,0.16827160493827162,0.46755241029435174,,,,,,
1,118,train,rl,0.32308641975308644,0.5996741559475091,,,,,,
1,119,train,rl,0.26271604938271603,0.5771185951202343,,,,,,
1,120,train,rl,0.35901234567901236,0.6358707288539485,,,,,,
1,120,evaluation,rl,,,0.17545679012345677,0.18877777777777777,0.14753086419753086,0.0,6.17283950617284e-05,0.0278641975308642
1,121,train,rl,0.19666666666666666,0.5057878354294215,,,,,,
1,122,train,rl,0.13320987654320987,0.40187333120063834,,,,,,
1,123,train,rl,0.4087654320987654,0.6207128198785739,,,,,,
1,124,train,rl,0.1591358024691358,0.45130116889153477,,,,,,
1,125,train,rl,0.22160493827160493,0.5405839267802681,,,,,,
1,126,train,rl,0.30777777777777776,0.48590011507226727,,,,,,
1,127,train,rl,0.20234567901234568,0.49403856086841075,,,,,,
1,128,train,rl,0.1639506172839506,0.42747851038972534,,,,,,
1,129,train,rl,0.18617283950617283,0.46488361224496305,,,,,,
1,130,train,rl,0.47469135802469137,0.5175063467483867,,,,,,
1,130,evaluation,rl,,,0.17080246913580246,0.20069135802469135,0.13953086419753086,0.0,4.938271604938272e-05,0.031222222222222224
1,131,train,rl,0.44864197530864197,0.5363961466552456,,,,,,
1,132,train,rl,0.17962962962962964,0.4392548952782095,,,,,,
1,133,train,rl,0.36419753086419754,0.4650259316808754,,,,,,
1,134,train,rl,0.29617283950617285,0.4888230931630593,,,,,,
1,135,train,rl,0.4722222222222222,0.63346041456408,,,,,,
1,136,train,rl,0.24246913580246915,0.5512724129888195,,,,,,
1,137,train,rl,0.36703703703703705,0.5511982698405642,,,,,,
1,138,train,rl,0.16049382716049382,0.40882580631202264,,,,,,
1,139,train,rl,0.40444444444444444,0.6094547832485443,,,,,,
1,140,train,rl,0.3622222222222222,0.617373923542984,,,,,,
1,140,evaluation,rl,,,0.17985185185185185,0.1917037037037037,0.1712469135802469,0.00011111111111111112,3.7037037037037037e-05,0.008456790123456789
1,141,train,rl,0.22320987654320987,0.5074363177392021,,,,,,
1,142,train,rl,0.2740740740740741,0.570225041368816,,,,,,
1,143,train,rl,0.25037037037037035,0.5891619590895348,,,,,,
1,144,train,rl,0.4108641975308642,0.4824888034515429,,,,,,
1,145,train,rl,0.48271604938271606,0.6320547079905761,,,,,,
1,146,train,rl,0.23864197530864198,0.5145396147225354,,,,,,
1,147,train,rl,0.22962962962962963,0.5022035498443995,,,,,,
1,148,train,rl,0.3269135802469136,0.581757496278879,,,,,,
1,149,train,rl,0.19061728395061728,0.5119752368184991,,,,,,
1,150,train,rl,0.3969135802469136,0.5939565306207173,,,,,,
1,150,evaluation,rl,,,0.20620987654320988,0.20890123456790125,0.19391358024691357,0.0,2.469135802469136e-05,0.012271604938271605
2,1,train,rl,0.21580246913580248,0.4534746918157279,,,,,,
2,2,train,rl,0.20098765432098764,0.520875490458725,,,,,,
2,3,train,rl,0.20074074074074075,0.4874358150172993,,,,,,
2,4,train,rl,0.27209876543209877,0.5845280797548102,,,,,,
2,5,train,rl,0.1019753086419753,0.3396974270681863,,,,,,
2,6,train,rl,0.2506172839506173,0.5786719805526226,,,,,,
2,7,train,rl,0.3397530864197531,0.6347740466370009,,,,,,
2,8,train,rl,0.2465432098765432,0.5387298180043099,,,,,,
2,9,train,rl,0.3567901234567901,0.6287581159964076,,,,,,
2,10,train,rl,0.12839506172839507,0.36615929307206824,,,,,,
2,10,evaluation,rl,,,0.1830617283950617,0.21014814814814814,0.14864197530864198,0.02374074074074074,0.0,0.010679012345679011
2,11,train,rl,0.4595061728395062,0.6629004112845882,,,,,,
2,12,train,rl,0.21641975308641975,0.4750901798096354,,,,,,
2,13,train,rl,0.13506172839506173,0.39270975019180554,,,,,,
2,14,train,rl,0.32765432098765435,0.6231385622988328,,,,,,
2,15,train,rl,0.15938271604938273,0.42062532730654784,,,,,,
2,16,train,rl,0.2518518518518518,0.5989368290300287,,,,,,
2,17,train,rl,0.33444444444444443,0.6113935242458987,,,,,,
2,18,train,rl,0.2254320987654321,0.5212983926460487,,,,,,
2,19,train,rl,0.46617283950617283,0.6270379003032686,,,,,,
2,20,train,rl,0.1725925925925926,0.45862419931726023,,,,,,
2,20,evaluation,rl,,,0.18754320987654322,0.1971358024691358,0.17733333333333334,0.0,1.234567901234568e-05,0.010197530864197531
2,21,train,rl,0.14641975308641975,0.3894744869940879,,,,,,
2,22,train,rl,0.21679012345679013,0.5508204055705912,,,,,,
2,23,train,rl,0.16814814814814816,0.42616724844201137,,,,,,
2,24,train,rl,0.16111111111111112,0.44696871905691093,,,,,,
2,25,train,rl,0.2914814814814815,0.6306619728279417,,,,,,
2,26,train,rl,0.24296296296296296,0.5413174311274985,,,,,,
2,27,train,rl,0.16950617283950617,0.43369814148604474,,,,,,
2,28,train,rl,0.20234567901234568,0.5205789082417669,,,,,,
2,29,train,rl,0.2825925925925926,0.5842922175726516,,,,,,
2,30,train,rl,0.2780246913580247,0.5963843318900547,,,,,,
2,30,evaluation,rl,,,0.17174074074074075,0.19171604938271605,0.1548888888888889,0.0,1.234567901234568e-05,0.016839506172839504
2,31,train,rl,0.2195061728395062,0.5190051191447335,,,,,,
2,32,train,rl,0.14728395061728394,0.44849786477210685,,,,,,
2,33,train,rl,0.1751851851851852,0.516107097002605,,,,,,
2,34,train,rl,0.2939506172839506,0.6006701010787352,,,,,,
2,35,train,rl,0.13037037037037036,0.4102537080740418,,,,,,
2,36,train,rl,0.20506172839506173,0.4910037321725852,,,,,,
2,37,train,rl,0.2108641975308642,0.5071655213874807,,,,,,
2,38,train,rl,0.24839506172839507,0.5767871483023268,,,,,,
2,39,train,rl,0.3093827160493827,0.6090537055425472,,,,,,
2,40,train,rl,0.2528395061728395,0.544193289375731,,,,,,
2,40,evaluation,rl,,,0.16844444444444445,0.18496296296296294,0.14890123456790122,0.0,0.00011111111111111112,0.019432098765432098
2,41,train,rl,0.22728395061728396,0.5474982786746252,,,,,,
2,42,train,rl,0.23,0.5480298970026932,,,,,,
2,43,train,rl,0.16679012345679012,0.424022001005253,,,,,,
2,44,train,rl,0.25864197530864197,0.5300893079296782,,,,,,
2,45,train,rl,0.28530864197530864,0.6032352923299057,,,,,,
2,46,train,rl,0.2217283950617284,0.5255261164900089,,,,,,
2,47,train,rl,0.0954320987654321,0.32247628224123814,,,,,,
2,48,train,rl,0.19753086419753085,0.5211061713551837,,,,,,
2,49,train,rl,0.1545679012345679,0.442112763615148,,,,,,
2,50,train,rl,0.21777777777777776,0.5412096759925286,,,,,,
2,50,evaluation,rl,,,0.1661604938271605,0.1955679012345679,0.13850617283950617,0.0,0.0,0.02765432098765432
2,51,train,rl,0.4624691358024691,0.5507009682386957,,,,,,
2,52,train,rl,0.4687654320987654,0.6768774449032837,,,,,,
2,53,train,rl,0.18518518518518517,0.48349899426962983,,,,,,
2,54,train,rl,0.16024691358024692,0.43694927211355084,,,,,,
2,55,train,rl,0.15432098765432098,0.46213265745160736,,,,,,
2,56,train,rl,0.5495061728395062,0.6228297707330378,,,,,,
2,57,train,rl,0.2074074074074074,0.4846742450931948,,,,,,
2,58,train,rl,0.2723456790123457,0.6042242700558736,,,,,,
2,59,train,rl,0.3102469135802469,0.5965183216378939,,,,,,
2,60,train,rl,0.16839506172839505,0.43076784092222337,,,,,,
2,60,evaluation,rl,,,0.18579012345679013,0.2015185185185185,0.16341975308641973,0.0,4.938271604938272e-05,0.022320987654320987
2,61,train,rl,0.11703703703703704,0.3797029531738363,,,,,,
2,62,train,rl,0.13604938271604938,0.4575418296149214,,,,,,
2,63,train,rl,0.12901234567901235,0.4160119381577642,,,,,,
2,64,train,rl,0.17703703703703705,0.456178316088245,,,,,,
2,65,train,rl,0.15098765432098765,0.43636774249348537,,,,,,
2,66,train,rl,0.22580246913580246,0.5635020425458949,,,,,,
2,67,train,rl,0.3493827160493827,0.6207075760359917,,,,,,
2,68,train,rl,0.32753086419753086,0.6285822105986656,,,,,,
2,69,train,rl,0.22197530864197532,0.48906774546059084,,,,,,
2,70,train,rl,0.21160493827160493,0.5178995943968566,,,,,,
2,70,evaluation,rl,,,0.19106172839506172,0.20629629629629628,0.16585185185185186,0.0,1.234567901234568e-05,0.025197530864197532
2,71,train,rl,0.10148148148148148,0.38495871519396535,,,,,,
2,72,train,rl,0.25037037037037035,0.5951562612565046,,,,,,
2,73,train,rl,0.08271604938271605,0.33350112607696986,,,,,,
2,74,train,rl,0.10308641975308643,0.37506944512245277,,,,,,
2,75,train,rl,0.1274074074074074,0.41413503509110133,,,,,,
2,76,train,rl,0.36901234567901237,0.6391953129414648,,,,,,
2,77,train,rl,0.1917283950617284,0.47892693609551146,,,,,,
2,78,train,rl,0.34987654320987654,0.6509133938734777,,,,,,
2,79,train,rl,0.24185185185185185,0.5368108372725584,,,,,,
2,80,train,rl,0.2653086419753086,0.5797578097282542,,,,,,
2,80,evaluation,rl,,,0.18025925925925926,0.18991358024691357,0.16711111111111113,0.0,6.17283950617284e-05,0.01308641975308642
-1,0,reference,greedy,,,0.49435802469135803,,0.07737037037037038,0.3982098765432099,0.0,0.018777777777777775
-1,0,reference,random,,,0.7607283950617284,,0.565716049382716,0.0005679012345679012,0.0,0.19444444444444445
-1,0,reference,rate,,,0.21487654320987654,,0.20103703703703704,0.003580246913580247,0.00019753086419753088,0.010061728395061729
