# D50=356 m  |  slope=0.025/m  |  LINK_MAX_LOSS=0.5  |  reach=356 m  |  area=900x900 m  |  18M+7C  |  Q=10/link  |  N=1/link/step  |  load=200 ms  |  placements=10  |  window=[50,950) of 1000  |  commit=bc0bcaf-dirty  |  phase 1b training
init_seed,run_index,kind,routing,train_total_loss,train_bce,validation_total_loss,train_check_total_loss,validation_channel,validation_queue_full,validation_no_route,validation_ttl_hop
0,1,train,rl,0.21308641975308643,0.47503847412487366,,,,,,
0,2,train,rl,0.2074074074074074,0.5181742713673207,,,,,,
0,3,train,rl,0.21098765432098765,0.48946151264118715,,,,,,
0,4,train,rl,0.19962962962962963,0.49605013375307555,,,,,,
0,5,train,rl,0.09851851851851852,0.3446325117279245,,,,,,
0,6,train,rl,0.23790123456790124,0.5538982828295296,,,,,,
0,7,train,rl,0.3012345679012346,0.5973705399334114,,,,,,
0,8,train,rl,0.24098765432098765,0.5350814557284521,,,,,,
0,9,train,rl,0.362962962962963,0.6422832120731087,,,,,,
0,10,train,rl,0.16234567901234567,0.409281627804815,,,,,,
0,10,evaluation,rl,,,0.17612345679012348,0.19597530864197532,0.15844444444444444,0.003876543209876543,1.234567901234568e-05,0.013790123456790124
0,11,train,rl,0.5122222222222222,0.6239445290109346,,,,,,
0,12,train,rl,0.20123456790123456,0.4808449899789634,,,,,,
0,13,train,rl,0.14246913580246914,0.3770047692288663,,,,,,
0,14,train,rl,0.2954320987654321,0.6004999031937575,,,,,,
0,15,train,rl,0.16246913580246913,0.4257653789549826,,,,,,
0,16,train,rl,0.25641975308641973,0.5919818587185487,,,,,,
0,17,train,rl,0.307283950617284,0.5998553658352682,,,,,,
0,18,train,rl,0.2518518518518518,0.5555379941741719,,,,,,
0,19,train,rl,0.4696296296296296,0.6172947928857949,,,,,,
0,20,train,rl,0.14790123456790125,0.4040649406218774,,,,,,
0,20,evaluation,rl,,,0.1772962962962963,0.18982716049382714,0.17014814814814816,0.0,3.7037037037037037e-05,0.0071111111111111115
0,21,train,rl,0.14962962962962964,0.39108601696740053,,,,,,
0,22,train,rl,0.2025925925925926,0.5204577743389446,,,,,,
0,23,train,rl,0.1769135802469136,0.4138291203770144,,,,,,
0,24,train,rl,0.16493827160493826,0.46696861976881243,,,,,,
0,25,train,rl,0.2866666666666667,0.6288810191421742,,,,,,
0,26,train,rl,0.2,0.4806062072205427,,,,,,
0,27,train,rl,0.2008641975308642,0.489512745970932,,,,,,
0,28,train,rl,0.17580246913580247,0.45093046575602297,,,,,,
0,29,train,rl,0.2760493827160494,0.5844199293474122,,,,,,
0,30,train,rl,0.2782716049382716,0.5914935050029082,,,,,,
0,30,evaluation,rl,,,0.1771111111111111,0.19185185185185186,0.15814814814814815,0.0,9.876543209876544e-05,0.018864197530864196
0,31,train,rl,0.20135802469135802,0.5049771977504294,,,,,,
0,32,train,rl,0.1474074074074074,0.4438933163426757,,,,,,
0,33,train,rl,0.17123456790123456,0.5045186988049978,,,,,,
0,34,train,rl,0.2580246913580247,0.576398057564033,,,,,,
0,35,train,rl,0.1362962962962963,0.39051649959471363,,,,,,
0,36,train,rl,0.20320987654320988,0.51269862405824,,,,,,
0,37,train,rl,0.20703703703703705,0.4903932678655114,,,,,,
0,38,train,rl,0.2502469135802469,0.5690991856433727,,,,,,
0,39,train,rl,0.2877777777777778,0.586685536585579,,,,,,
0,40,train,rl,0.2611111111111111,0.5537206281475799,,,,,,
0,40,evaluation,rl,,,0.1869753086419753,0.19425925925925927,0.16848148148148148,0.0,0.00013580246913580247,0.018358024691358027
0,41,train,rl,0.2519753086419753,0.5528107156103428,,,,,,
0,42,train,rl,0.24432098765432098,0.5812424114921083,,,,,,
0,43,train,rl,0.17419753086419754,0.4365147934967718,,,,,,
0,44,train,rl,0.26049382716049385,0.5455572907350186,,,,,,
0,45,train,rl,0.29777777777777775,0.6105010228979791,,,,,,
0,46,train,rl,0.19098765432098766,0.4604793337001875,,,,,,
0,47,train,rl,0.09061728395061729,0.32229411801230823,,,,,,
0,48,train,rl,0.22123456790123458,0.5438761223861006,,,,,,
0,49,train,rl,0.1608641975308642,0.4319334376078461,,,,,,
0,50,train,rl,0.18950617283950616,0.5058515164020815,,,,,,
0,50,evaluation,rl,,,0.18419753086419752,0.20002469135802467,0.16339506172839507,0.0,0.00014814814814814815,0.02065432098765432
0,51,train,rl,0.4695061728395062,0.6127270721021246,,,,,,
0,52,train,rl,0.4414814814814815,0.6746928305885984,,,,,,
0,53,train,rl,0.19333333333333333,0.4896672866307199,,,,,,
0,54,train,rl,0.17234567901234568,0.43798900677960084,,,,,,
0,55,train,rl,0.1734567901234568,0.49518863388536144,,,,,,
0,56,train,rl,0.5493827160493827,0.6588878794234408,,,,,,
0,57,train,rl,0.22148148148148147,0.5214948168179824,,,,,,
0,58,train,rl,0.2828395061728395,0.6097459421588912,,,,,,
0,59,train,rl,0.30814814814814817,0.5903890909639201,,,,,,
0,60,train,rl,0.18506172839506174,0.467436732626275,,,,,,
0,60,evaluation,rl,,,0.17638271604938272,0.190358024691358,0.15741975308641976,0.0,9.876543209876544e-05,0.018864197530864196
-1,0,reference,greedy,,,0.49435802469135803,,0.07737037037037038,0.3982098765432099,0.0,0.018777777777777775
-1,0,reference,random,,,0.7607283950617284,,0.565716049382716,0.0005679012345679012,0.0,0.19444444444444445
-1,0,reference,rate,,,0.21487654320987654,,0.20103703703703704,0.003580246913580247,0.00019753086419753088,0.010061728395061729
